index,question,city,truth_names,n_candidates,n_reviews,Qwen3-0.6B_baseline,Qwen3-0.6B_rag,Qwen3-0.6B_baseline_ok,Qwen3-0.6B_rag_ok,Qwen3-1.7B_baseline,Qwen3-1.7B_rag,Qwen3-1.7B_baseline_ok,Qwen3-1.7B_rag_ok,Llama-3.2-1B_baseline,Llama-3.2-1B_rag,Llama-3.2-1B_baseline_ok,Llama-3.2-1B_rag_ok,Llama-3.2-3B_baseline,Llama-3.2-3B_rag,Llama-3.2-3B_baseline_ok,Llama-3.2-3B_rag_ok
0,"Hi, everyone! We (I and my wife) will be seeing Les Misérables at Queens Theatre in London. As the play ends around at 22:00 (it's so late!), we are planning to have dinner before the show. We have to arrive at the theatre by 19:00. What restaurants do you recommend? We would like to have dinner near Queens Theatre. The budget is about ￡20-30 per person. We're looking forward to your kind and useful suggestions. P. S. Is it dangerous to walk around Queen's theatre after the show? In fact, we are",London,Brasserie Zedel; Clos Maggiore,8,20,Les Misérables,Queens Theatre,0,0,Les Misérables,DB Bistro Moderne,0,0,Brasserie Zedel,[DB Bistro Moderne],1,0,Brasserie Zedel,DB Bistro Moderne,1,0
1,"Where the best place for shopping (woman's clothes casual and business, some shoes) in Manhattan and not very expensive? Is the Macy's mall right place to find good prices and quality?",New York,Century 21; Lord & Taylor; Bloomingdale's,7,30,Lord & Taylor.,Century 21,1,1,Century 21,Century 21,1,1,- Georgia Brown's,Century 21,0,1,Bloomingdale's,Lord & Taylor,1,1
2,"I'm taking my OH away on a surprise trip to London and then onto Paris for his birthday. We arrive in London at 2. 15 on a Friday. My plan is to go to the british museum, followed by dinner in chinatown and then settling down in a nice cheapish pub where I'll invite all of his London friends to meet us as an extra surprise. We're likely to be in the pub from around 6-8. 30 as we need to leave early to go and get our coach to paris. Any local opinions would be appreciated, we're all students so m",London,The Duke Of Argyll; Museum Tavern,4,20,Duke of Argyll.,The Duke Of Argyll.,1,1,british museum,The Duke Of Argyll,0,1,The British Museum,Museum Tavern,0,1,The Museum Tavern,Museum Tavern,1,1
3,"Greetings - I will be downtown this weekend and one of the clubs I'd like to go to is on W Hubbard St, I'm looking for a nice restaurant in that area to go to beforehand. . . something unique and classy. I'm thinking Club Lago or Coco Pazzo. . . . any suggestions?",Chicago,Erie Cafe; Sullivan's Steakhouse; Naha; Sixteen,6,40,Sixteen,Sixteen,1,1,Erie Cafe,STK,1,0,Coco Pazzo,Coco Pazzo.,0,0,Erie Cafe,Erie Cafe,1,1
4,"I arrive at SFO on May 15 8:30am, have to be in Oakland at 7pm. I'll eventually take BART there. What should I do in SF in the meantime. I've done the Wharf and Chinatown, and am not much of a shopper. Do you recommend JapanTown? The Japanese Tea Garden? Which museum should I see?",San Francisco,Asian Art Museum; Contemporary Jewish Museum; Legion of Honor; Fisherman's Wharf; Museum of the African Diaspora; The Wave Organ,8,60,JapanTown,JapanTown,0,0,JapanTown,JapanTown,0,0,- Asian Art Museum,[Asian Art Museum],1,1,Contemporary Jewish Museum,Asian Art Museum,1,1
5,Any recommendations for good Italian food? What do the locals love?,New York,Frank; Mercato; Maialino; Basso56; Don Antonio; Rubirosa; Del Posto; Marta; Manzo; Babbo,14,100,Basso56,Marta,1,1,Del Posto,Basso56,1,1,"- Basso56
- Degustation
- Don Antonio
- Marta",Bella Notte,1,0,Babbo,Basso56,1,1
6,It's our five year wedding anniversary October 14 and we will be in London for the first time. I was hoping that someone here could make a suggestion for a restaurant that would provide a very special dinner experience? We are willing to splurge and love upscale restaurants. I have looked at the restaurant ratings and we are considering Petrus or Gordon Ramsay but are open to opinions if anyone wants to share? Thanks!,London,The Ledbury; Murano; Helene Darroze at The Connaught; Le Gavroche; Marcus,7,50,Le lieu recommandé est : Petrus.,Le lieu recommandé est **Petrus**.,0,0,Petrus,Petrus,0,0,- Petrus,Petrus,0,0,Petrus,Petrus,0,0
7,"Merry Christmas! Looking for information on options for booking Carlos Gardel (show only, not dinner). Is there any downside to going on a Sunday evening? Will be staying in Palmero Viejo. Also, is the Teatro Colon still closed for renovations? I couldn't find any performances listed on its web site.",Buenos Aires,La Paila; Confiteria Ideal,6,20,Confiteria Ideal,Confiteria Ideal,1,1,Toscanini,Valentino's,0,0,Mason Pacific,Madero Tango,0,0,Valentino's,Maialino,0,0
8,"Going to be in Manhattan for a broadway show this weekend and am looking for a recomendation for a good restaurant in the theatre district that is reasonably priced ($30 to $50 per person) , good food and not a tourist trap. . . . would love to avoid the hotel restaurants and experience a real NY experience. . . Does such a place exist? Someone suggested Carmine's but they are totally booked. . . (like all kinds of food) Any suggestions would be greatly appreciated - picking one out of the 5000+",New York,La Masseria; Yum; Maria Pia; Trattoria Trecolori; Thalia; Uncle Nick's,8,60,Recommande le lieu : La Masseria.,La Masseria.,1,1,Trattoria Trecolori,La Masseria,1,1,Maria Pia,West Bank Cafe,1,0,Thalia,La Masseria,1,1
9,"As a big fan of these places (see the other thread), I shall kick this off. Street View on Googlemaps is a great way to check these out. As Adam suggested, these sandwich shops are likely to be near where we work, but at least you'll know they're good - we use them every day. Prices are guides only. Add the attraction(s) they're nearest to. Close to the Sky Garden (20 Fenchurch St), 5 minutes walk to The Monument. Claudio's, Cullum St : hot meat sandwiches freshly carved every lunchtime. Roast b",London,Little Venice Cafe; Venice Cafe; Valentino's,7,30,Valentino's,Valentino's,1,1,Cullum St,Cullum St,0,0,- Cullum St,Claudio,0,0,Claudio's,Cullum St,0,0
10,"Going to NY in May, it is my gf's birthday on our last night - and I would looking for a nice restaurant to spoil her :)! We are staying in times square - so would like somewhere close by! I would like either an american or italian cuisine! Any advice would be much appreciated",New York,Chez Josephine; Malatesta Trattoria; West Bank Cafe; Basso56; 21 Club; Tagine; Union Square Cafe,8,70,Union Square Cafe.,times square,1,0,Union Square Cafe,Basso56,1,1,- Chez Josephine,21 Club,1,1,Chez Josephine,Basso56,1,1
11,What are the best restaurants? Best way to get there from Times Square?,New York,Great NY Noodletown; Uncle Boon's; Rubirosa,4,30,Great NY Noodletown,Union Square Cafe.,1,0,Rubirosa,Union Square Cafe,1,0,Great NY Noodletown,[Union Square Cafe],1,0,Uncle Boon's,Union Square Cafe,1,0
12,"I am currently at Manhattan by next Thursday. One of the dishes I want to explore (but didn't accomplish from last four Manhattan visits) is seafood pasta (like linguini clam or linguini frutti di mare). I haven't found any better seafood pasta than Cunetto House of Pasta in St Louis (Hill. . . little italy), though I lived in Chicago more than 10 years. Can anyone recommend the best seafood pasta (family style. . . large portion, can taste freshness of seafood along with tasty sauce) in Manhatt",New York,Balthazar; Esca; Casa Mono,4,30,Casa Mono,Casa Mono,1,1,Hill,Esca,0,1,Balthazar,Cunetto House of Pasta,1,0,Esca,Esca,1,1
13,"Visiting NYC for the Marathon this weekend. Staying in apartment in Hell's Kitchen area (around 51st and 12th). Anyone have good recommendations for a great breakfast restaurant within a 8-10 block radius? Not worried about eating healthy the day before-looking for filling, traditional American-style breakfast! Also looking for ideas for a good filling dinner for Sunday evening after the race. We're not looking for fine dining, just something good in the area for myself, wife and 16 yo daughter.",New York,Taboon; Il Melograno,3,20,Il Melograno,- The Comfort Diner,1,0,Taboon,The Comfort Diner,1,0,Taboon.,Il Melograno,1,1,Il Melograno,The Comfort Diner,1,0
14,"My 21 year old daughter and I will be making our 2nd trip to NYC in March. Last year we spent tons of time walking the city, going to the theater, shopping, tasting yummy food and trying to master the subway. This year we are going to a comedy club, a musical , more yummy food and would also love to go out for some live music. We like lots of different kinds and would be open to any suggestions. Thanks",New York,Jazz at Lincoln Center,5,10,Erie Cafe,Delfina,0,0,Jazz at Lincoln Center,Jazz at Lincoln Center,1,1,- Topolobampo,21 Club,0,0,Jazz at Lincoln Center,Oval Room,1,0
15,"Hi, I am going to be travelling from Mumbai airport to London on an early morning flight on a sunday so wanted a hotel close to the airport. Can anyone recommend a decent hotel (work is paying) which is near the airport? Thanks in advance",Mumbai,Suba Galaxy; Hotel Arma Executive; Hotel Le Grande; Hotel Suba International,5,40,Le lieu recommandé est : Hotel Le Grande.,Hotel Le Grande,1,1,Hotel Le Grande,Hotel Le Grande,1,1,Suba International,Hotel Le Grande,1,1,Hotel Arma Executive,Hotel Le Grande,1,1
16,"We plan to visit Rome in September and will be staying near the Steps. Any suggestions for restaurants where ""regular folk"" or locals might dine would be appreciated. . . trying to stay away from the more touristy sort of place (even tho' we're tourists!). Thanks.",Rome,Alla Rampa; Antico Arco; Porta Castello; La Pancia Felice; taverna; Rivadestra; L'Angoletto,11,70,La Pancia Felice.,La Pancia Felice.,1,1,Rivadestra,La Pancia Felice,1,1,- Hai KY Mi Gia,La Pancia Felice,0,1,La Pancia Felice,La Pancia Felice,1,1
17,"Hi, Im looking for a mid range, centrally located hotel or B&B in Amsterdam. Any recommendations? Thanks.",Amsterdam,Hotel V Frederiksplein,5,10,Banana Leaf.,Banana Leaf.,0,0,Hotel V Frederiksplein,Hotel V Frederiksplein,1,1,- Maple & Ash,Saturnino,0,0,Hotel V Frederiksplein,Hotel V Frederiksplein,1,1
18,"We are staying in Midtown, so figured it would be easier to go somewhere close by, but I'm not opposed to somewhere a little further away. Looking for a restaurant where we can go to dinner and dress up but not have it be a crazy price. I understand that a ""dress up"" place isn't usually cheap, but something on the lower end of the ""dressy"" price scale would be great :) Thanks!",New York,Guantanamera; 21 Club; La Grenouille; Marseille; Nobu; The Modern; La Bonne Soupe; Jean Georges; Buddakan; Nobu 57,11,100,La Grenouille.,La Bonne Soupe,1,1,Nobu,La Bonne Soupe,1,1,- La Grenouille,La Bonne Soupe,1,1,La Grenouille,La Bonne Soupe,1,1
19,Please can anyone recommend a restaurant near Soho Playhouse theatre for a Saturday night. Preferably not steak and not ultra-expensive - a good local restaurant would be great. Thanks very much.,New York,Bistro Les Amis; Little Prince; The Dutch,7,30,Bistro Les Amis,La réponse unique est : **The Dutch**.,1,1,Quince,The Dutch,0,1,- Bistro Les Amis,DB Bistro Moderne.,1,0,Bistro Les Amis,The Dutch,1,1
20,What's the best way to get form SFO to Union Square ? ?,San Francisco,Twin Peaks,6,10,Alinea,Union Square,0,0,Union Square,Union Square,0,0,Alinea,Union Square.,0,0,Hai KY Mi Gia,Union Square,0,0
21,"Hi im quite the hookah lover and was wondering if any experts or anyone new of the best cafe in the city for very good sheesha. (Al fakher etc) I dont mind if its posh and upmarket, as long as its good! I went to Cairo, Alex andHurghadatwo years ago and i had better sheesha in the UK than there, and that is NOT on! :)",Cairo,Sequoia,5,10,Beretta,Beretta,0,0,Beretta,Pasha,0,0,Blue Water Grill,Grimaldi's,0,0,Beretta,Beretta,0,0
22,Any suggestions where to eat within walking distance of the washington monument? Something moderate that will work for a group including teenagers - grandparents. Thanks.,Washington,Constitution Cafe; Old Ebbitt Grill,6,20,Recommande : Old Ebbitt Grill.,Old Ebbitt Grill.,1,1,Constitution Cafe,Constitution Cafe,1,1,Joe Allen,Satay By The Bay,0,0,Old Ebbitt Grill,Old Ebbitt Grill,1,1
23,"Hi can anyone offer some advice on new year in new york, i am going with my 2 daughters (14 and 13) and staying in the waldorf astoria, we are looking for suggestions for new year? ? ? ? we were thinking of maybe booking a meal somewhere near central park, then seeing the new year in @ the park. . . . . . . . . .",New York,Circus,6,10,central park,central park,0,0,central park,central park,0,0,- Central Park,Maialino,0,0,Scarpetta,Scarpetta,0,0
24,"We are staying at the Sofitel Hotel in a few weeks. Any suggestions for simple dinner on Friday night close to this hotel? We will probably get to the hotel around 8pm. Burger, pizza or mexican maybe? ? Thank you",New York,Blue Bar; DB Bistro Moderne; O'Lunney's,7,30,Blue Bar,O'Lunney's,1,1,DB Bistro Moderne,O'Lunney's,1,1,Blue Bar,L'Angoletto,1,0,O'Lunney's,Esca,1,0
25,"I am staying in the 2nd home on 2nd Avenue, between 13th and 12th streets. Does anyone know any good bars and diners around this area? We are after somewhere we can get dressed up and have a nice cocktail, and also a casual place we could just wear our jeans and have a few drinks. Also where is the best breakfast diner around here? Thanks in advance.",New York,Mermaid Inn; Frank; Buenos Aires; Degustation; Westville East; Veselka; Jewel Bako; Hearth,9,80,Recommande : 2nd Avenue.,Frank,0,1,2nd Avenue,Veselka,0,1,- Buenos Aires,Beretta,1,0,Veselka,Beretta,1,0
26,"We have booked our first night inThailandto stay at HI Silom. We will arrive at the hotel at approx 8pm after a long haul flight. All we want is a quick bite and a drink or two. Nothing fancy , any ideas where we can go within walking distance of HI Silom ? Thanks in advance.",Bangkok,The Pintsman,3,10,inThailandto,Lieu recommandé : The Pintsman.,0,1,The Pintsman,The Pintsman,1,1,The Pintsman,The Pintsman,1,1,The Pintsman,The Pintsman,1,1
27,"Where are some good places to eat breakfast? We are staying in the southern tip of Manhattan near Battery Park, but it doesn't have to be contained to just that area. We are very open to ideas, but are going to be avoiding McDonalds, BK, etc. Could be larger restaurants but also would like to visit a few small places and would like to be able to sit and eat outside.",New York,Locanda Verde; The Comfort Diner; Balthazar; Norma; Norma's,6,50,Norma,Norma,1,1,Norma's,The Comfort Diner,1,1,- Norma,Norma.,1,1,Norma,Norma,1,1
28,"Making my first trip to Stockholm and looking for some great budget friendly restaurant recommendations that are popular with the locals. As it’s my first trip to Scandinavia, I welcome feedback on places to seek out that give the best ‘bang for your buck’ or in this case kronor. Would love to experience local/regional Scandinavian cuisine but open to ethnic options as well (such as kebabs, gyros, and falafel) that fall under the cheap eats category. Quick service and cafeteria settings are also",Stockholm,Soldaten Svejk; La Neta; Lao Wai; Folkets Kebab; Kajsas Fisk,9,50,Locanda Verde,Locanda Verde,0,0,Lao Wai,Folkets Kebab,1,1,Nobu 57,Folkets Kebab,0,1,Folkets Kebab,Folkets Kebab,1,1
29,staying at the grand esplanade hotel for 2 nights. breakfast at the hotel is 24 euros per person per night i think this is expensive. Can anyone suggest somewhere near were we can get breakfast thanks,Berlin,Cafe Hardenberg,6,10,O'Lunney's,Café Hardenberg.,0,0,Joe Allen,Constitution Cafe,0,0,- Joe Allen,[Constitution Cafe],0,0,Cittie of Yorke,Constitution Cafe,0,0
30,"We are looking for a quiet place for mid-day Sunday dinner (on Easter), for a person who can't tolerate lots of noise or loud music. He'd prefer fairly fancy (with good food), I'd prefer no dress code. We will be staying around W 23rd and 8th. I'd be grateful for any suggestions! Thanks. pd",New York,Perry St; Tocqueville,6,20,La Grenouille.,La Grenouille.,0,0,Prego,Madero Tango,0,0,- Prego,Rosenstein,0,0,Prego,Tocqueville,0,1
31,"Hi all, My fiancée and I are getting married in the city on December 28. It's going to be just the two of us and we'd like to go somewhere nice for dinner later in the day. There's so much choice that we'd love to have a few recommendations to help narrow it down. We don't really have a budget, but we're working with the mentality that we'll only do this once so what the heck. We're open to all cuisines (though I'm not too keen on seafood) and we'd like something intimate; good service is as imp",New York,Eleven Madison Park; Gramercy Tavern; Per Se; Jean Georges; Blue Hill; Daniel,10,60,Le Colonial.,Le Colonial.,0,0,Gramercy Tavern,Del Posto,1,0,- Le Colonial,Le Colonial,0,0,Blue Hill,Del Posto,1,0
32,We have tickets for the Saturday preformance of War Horse at the Vivian Beaumont Theater at Lincoln Center. I would appreciate A recommendation for a reasonable pre theater dinner.,New York,Bar Boulud; Cafe Fiorello,3,20,Bar Boulud.,Bar Boulud,1,1,Cafe Fiorello,DB Bistro Moderne,1,0,Cafe Fiorello.,Joe Allen,1,0,Bar Boulud,DB Bistro Moderne,1,0
33,"Three of us got a good deal at the Corinthia Hotel in Budapest but it doesn't include breakfast. Is there a good spot nearby for a nice breakfast? Staying Monday - Thursday only. Also, any good restaurants in this area? We would also like to try one of the finer restaurants while there. What is the best tour company in Budapest? We are leaving on Monday! Thanks.",Budapest,Rosenstein; Cafe Bouchon,3,20,Réponse : Rosenstein,Recommande : Café Bouchon.,1,0,Corinthia Hotel in Budapest,Cafe Bouchon,0,1,Corinthia,Cafe Bouchon,0,1,Cafe Bouchon,Cafe Bouchon,1,1
34,"We'll be in Chicago for 4 nights. Any suggestions for restaurants for dinner near the Drake? There are 4 of us, from 45 yrs to 88 yrs. We love all food. We're not looking for super fine dining-something more casual. Thinking of Fig and Olive? Grill on the Alley? Can you tell me which neighborhood the Drake is located in? -I tried looking up restaurants thru TripAdvisor by neighborhood. Any suggestions? Thanks!",Chicago,Lena Brava; Avec; Nico Osteria; Proxi; Eataly; The Purple Pig; Le Colonial; Bistronomic; The Publican; Girl & The Goat; Carmine's; Bistrot Zinc; Frontera Grill; Maple & Ash,15,140,Le lieu recommandé est **Le Colonial**.,Frontera Grill.,1,1,The Drake,Frontera Grill,0,1,- Le Colonial,Frontera Grill.,1,1,The Purple Pig,Bistrot Zinc,1,1
35,"hi. . . first time in NYC. . . and leave friday from uk! staying at shelburne murray hill hotel. . . need a great restaurant near by for first night. also love to eat in restaurant with city view one day. . . somewhere like 'the view' at marriot? ? ? insider tips greatly appreciated. . . thanks! any other tips too please guys. . . shops, delis, breakfast (where for best eggs benedict!? ). . . soooo looking forward to trip now! ("". )",New York,Kitchenette,6,10,marriot,marriot,0,0,The Purple Pig,The Purple Pig,0,0,The Purple Pig,The view,0,0,Henry's Hunan,Henry's Hunan,0,0
36,"Any recommendations for a nice breakfast in Camden Town tomorrow morning? I understand the markets don't open til 11am, so a spot of breakfast before would be grand! Thanks",London,Goodfare; The Roundhouse; Tupelo Honey,7,30,La Taqueria.,Goodfare,0,1,Goodfare,Goodfare,1,1,- Twin Peaks Hotel,Goodfare,0,1,Tupelo Honey,Goodfare,1,1
37,hey can someone recommend a good typical tasteful different restaurant in bucharest restaurant that Identifies with romania thanks,Bucharest,Crama Domneasca; Vatra; TastyFish; Caru' cu Bere; Terasa Doamnei,6,50,Terasa Doamnei,Crama Domneasca.,1,1,TastyFish,Crama Domneasca,1,1,Vatra,Crama Domneasca,1,1,Crama Domneasca,Crama Domneasca,1,1
38,"Now that Ray's on Prince Street has had to close, where can you find Great pizza now? I have tried Lombardi's and while it is very good pizza, in my tastes it didn't equal Ray's. I am not found of my pizza having pieces of tomatoes on it. I like just sauce and other toppings. There was nothing wrong with Lombardi's at all. It was a very good pizza for what it is. Just not to my tastes. I have tried several of the ""single slice shops"" and they just don't have the quality that Ray's had. I would l",New York,Don Antonio; Grimaldi's,3,20,Grimaldi's,Prince Street,1,0,Grimaldi's,Don Antonio,1,1,Don Antonio,Don Antonio,1,1,Grimaldi's,Grimaldi's,1,1
39,"Hi,we are visiting singapore before bali for our honeymoon for 3 nights. can anyone recommend any very nice restaurants, things to do etc is it worth going to sentosa ? thanks you",Singapore,Lau Pa Sat; New Asia Bar; Hai Tien Lo; Prego,5,40,Prego,Lieu recommandé : Lau Pa Sat,1,1,sentosa,Lau Pa Sat,0,1,"- Prego
- Hai Tien Lo
- Sentosa
- New Asia Bar
- Lau Pa Sat",Lau Pa Sat,1,1,Prego,Lau Pa Sat,1,1
40,"We will be seeing ""Beauty and the Beast"" and ""The Nutcracker"" while visiting NYC. Can anyone recommend dining options within close proximity (walking distant) to both theatres? Thanks!",New York,Joe Allen; Pappardella; Pasha; Becco,8,40,Union Square Cafe,Del Posto,0,0,Union Square Cafe,Joe Allen,0,1,- Pappardella,Joe Allen,1,1,Pasha,Joe Allen,1,1
41,I arrive at Bangkok Airport at 11 pm and would like to find a clean and friendly guest house or hotel for around $20 US for at least the first two nights that is easy to get to from the airport on the Skytrain. I would prefer an area that is not too crazy busy and that I can walk to from the Skytrain. I so much appreciate your recommendations. Dayne,Bangkok,Shanti Lodge,6,10,Shanti Lodge,Shanti Lodge,1,1,Shanti Lodge,Shanti Lodge,1,1,Blue Hill,Hotel Arma Executive,0,0,Shanti Lodge,Hotel Le Grande,1,0
42,Our family stays at Marriott County Hall next week. We need suggestion for some nice English (or Italian) restaurant nearby with price of main course approx. 15-20 GBP. Any recommendation? Txs,London,Gordon's Wine Bar,6,10,Marriott County Hall,Marriott County Hall,0,0,Waterbar,Alfredo,0,0,Perry St,"Brilliant! 

Le lieu le plus approprié est : Brasserie Zedel",0,0,Perry St,Cafe Spiaggia,0,0
43,"Our annual NYC in Dec trip is coming up and wife has talked me into going to see ""Wicked"". If I were to eat dinner before a 2 hour 45 minute show I guarantee my snores would drown out the production, so it's a late lunch and dinner after the show. Since we're talking almost midnight, I'm looking for suggestions for Italian, French, pub food, whatever in either the theater district or the UWS where the hotel is. Staying at the Lucerne, but I'm pretty sure Nice Matin will be closed by the time we ",New York,Pasha; O'Lunney's,5,20,O'Lunney's,La meilleure suggestion est **La Masseria**.,1,0,the theater district,DB Bistro Moderne,0,0,O'Lunney's.,DB Bistro Moderne,1,0,O'Lunney's,DB Bistro Moderne,1,0
44,"Can anyone recommend 'budget hotel"" in a convenient location. I was told Union Square area is the best area. So I have been able to narrow down my search but with such a wide price range and was kinda of concerned why? Are there any safety concerns in this area? Also is there some special event going on in October as the hotels are quite booked?",San Francisco,Hotel Des Arts,5,10,Limon,Réponse : Hotel Des Arts,0,1,Hotel Des Arts,Hotel Des Arts,1,1,- Union Square,Hotel V Frederiksplein,0,0,Fisherman's Wharf,Hotel Des Arts,0,1
45,"My husband, 5 year old daughter and I will be visiting Singapore for 3D/2N in Jan. Will most likely stay inHoliday Inn Atrium. We plan to visit the popular spots like Sentosa, the zoo, Clark Quay, the Gardens etc. We are huge foodies and love to try out new cuisines wherever we travel. We avoid the usual fine dining and chain restaurants and love visiting local eateries. But since we are short on time in SG, could you suggest good eateries close to the popular places of attraction? Also, do you ",Singapore,Chinatown Complex; Satay By The Bay; Lau Pa Sat; Amoy Street Food Centre; Banana Leaf,8,50,Lieu recommandé : Amoy Street Food Centre,Lieu recommandé : Lau Pa Sat,1,1,Clark Quay,Lau Pa Sat,0,1,- Lau Pa Sat,[Satay By The Bay].,1,1,Lau Pa Sat,Lau Pa Sat,1,1
46,"Wondering how to spend our 19th anniversary while in DC on July 1st. Our two teenagers will be with us. Maybe a concert, theatre, show, etc. for the four of us ? ? Any dinner suggestions ? ? We will be staying in the Penn Quarter area.",Washington,Rasika; Zaytinya; Jaleo,7,30,riccardo trattoria,riccardo trattoria,0,0,Jaleo,Felidia,1,0,- Bar Boulud,Pasha,0,0,Rasika,Riccardo Trattoria,1,0
47,"As we like to have supper early I would like to get some suggestions where we can go for desserts and a drink after our shows. Family of 4, children ages 15 & 20. Would we be able to make reservations for desserts only? ? We will be staying at the Doubletree Guest Suites TS. Avenue Q - Supper at Vynl - dessert? Phantom - supper at Virgils - Christmas Spectacular - supper at Rock Cafe - Edited: 21 November 2010, 00:08",New York,Le Bernardin; Bar Americain,6,20,Confiteria Ideal,Confiteria Ideal,0,0,Le Bernardin,Old Ebbitt Grill,1,0,"- Vynl 
- Virgils",Vynl.,0,0,Confiteria Ideal,Old Ebbitt Grill,0,0
48,"Can anyone recommend good places to eat at for Dinner, we are staying at a Murray Hill Hotel - NYWhiz already recomends Salutes - Italian and Shelburne for Burgers. . . . is there anywhere that would be considered a MUST DO dining experience? My hubby and I are in our 30's and 40's, like places with great food and great atmosphere. . . not really into the Theme places. . . don't mind trying touristy -but prefer to experience the real NYC. We are thinking of trying the Iridium Jazz Club on the Mo",New York,Ollie's; Artisinal,4,20,Recommande : Ollie's.,Recommande : Ollie's.,1,1,Ollie's,Le Bernardin,1,0,Iridium Jazz Club,Iridium Jazz Club,0,0,Ollie's,Le Bernardin,1,0
49,"Hi, I live in the far NW suburbs, and my husband is taking me to the city for a Sunday matinee and dinner in a few weeks. He's ""letting"" me pick the place, so I'm pulling out all the stops. Does anyone have a suggestion for a fancy downtown restaurant? Nothing too scary. . . we're from a small town! I'm looking for great food and nice ambience. Thanks for any suggestions!",Chicago,Cafe Spiaggia; Frontera Grill; Alinea; Naha; Everest; Moto,10,60,Yum,Yum.,0,0,Yum,Alinea,0,1,- Alinea,Cafe Spiaggia,1,1,Cafe Spiaggia,Circus,1,0
50,"Hello! We are three women, 40ish, who are going to BA at the end of the month. I've searched these forums and the web at length, yet cannot find any current info on ""nightlife"" for us (slightly more) mature adults. We love good food & wine, and look forward to our late night dining experiences- but were do we go after? we are fit, fun and young at heart, but I'm certain we don't want to/won't fit in at the 'open at 2 AM' dance clubs. Not really looking for things like the opera, just more 'age a",Buenos Aires,Gran Bar Danzon; Madero Tango; Milion; Caracas Bar; Confiteria Ideal,9,50,Confiteria Ideal,Confiteria Ideal,1,1,Confiteria Ideal,Old Ebbitt Grill,1,0,Joe Allen,Madero Tango,0,1,Basso56,Old Ebbitt Grill,0,0
51,"I've just recently found out that my great -great grandfather was brought up in these areas before being transported to Australia as a 14 year old. His son, my great grand father was indeed born in the convict settlement at Port Aurthur in Tasmania. I am planning to visit London late this year & would like to visit this area for family history sake. Any suggestions of sights to see? I know there are a a couple of very historic pubs in Wapping but anything else I should check out?",London,The Grapes,6,10,Wapping,Wapping,0,0,Wapping,The Grapes,0,1,Valentino's,Dickens Inn,0,0,The Perseverance,The Grapes,0,1
52,"I plan on travelling to SF for a concert at Cafe Du Nord on Market Street. Can anyone suggest a decent hotel with decent prices in the area? Also, is this a good area of SF safety wise. I have no problem with Super 8, Best Western etc. Thanks",San Francisco,Twin Peaks Hotel; Perramont Hotel,3,20,Twin Peaks Hotel,Hotel Des Arts,1,0,Market Street,Market Street,0,0,- Twin Peaks Hotel,[Hotel Suba International],1,0,Twin Peaks Hotel,Perramont Hotel,1,1
53,"Hello, My wife and I will be heading to San Francisco for the first time from July 26 - Aug 3. My wife will be turning 40 while we are in town, and I would like to arrange for a special dinner for her somewhere nice. I was thinking something by the water that might do a chef's table or something special like that. We both like pretty much everything so I'm not too worried about the type of food, but I really would like the place to be very ""San Francisco"" (if that makes sense). Any suggestions a",San Francisco,State Bird Provisions; Frances; Saison; Aliment; Bix; Boulevard; Frascati; Waterbar; Farallon; Tadich Grill; Quince; Benu; Bar Crudo; Sons & Daughters; Mason Pacific,19,150,Boulevard,Waterbar,1,1,River cafe,Waterbar,0,1,- Quince,Tadich Grill,1,1,Benu,Waterbar,1,1
54,"Hi My wife and I are visiting New York just before Christmas to celebrate our 10th anniversary. We will be staying at Morgans Hotel on Madison Ave. Our return flight to the UK leaves JFK at 9. 30 pm but I would like to take my wife for a special lunch on the last Thursday before Christmas. Where would you suggest? We are not particularly keen on italian and although we both eat fish, we prefer meat so probably wouldn't choose a seafood only restaurant. Budget wise - a maximum of $250 ish in tota",New York,La Grenouille; One if by Land; Le Bernardin,5,30,Morgan Hotel.,Morgans Hotel,0,0,Le Bernardin,Le Bernardin,1,1,Le Bernardin,La Grenouille,1,1,Le Bernardin,Le Bernardin,1,1
55,"My husband and two children are going to Amsterdam next week and we are interested in some good restaurants for dinner. . . any suggestions? I heard of a placecalled the Supper Club, any good? Please advise. . . . . Thanks!",Amsterdam,Restaurant Amsterdam,5,10,Restaurant Amsterdam,Restaurant Amsterdam,1,1,Del Posto,Wing Kee,0,0,Antico Arco,Satino,0,0,Balthazar,Wing Kee,0,0
56,"HiWe are staying at the Marriott for 1 night, can someone suggest a nice restaurant/cafe/bar for dinner within walking distance. Looking for either Italian or good streak place at a reasonable price. Thanks in advance.",Sydney,Pendolino; Quay Bar; Alfredo,4,30,Alfredo.,Quay Bar,1,1,Alfredo,Alfredo,1,1,- Alfredo,Pendolino,1,1,Alfredo,Alfredo,1,1
57,"I am overwhelmed by the choices for dinner in NYC. I'm hoping to get some advice. We arrive in NYC around 8:30pm and by the time we get a cab and check into the Hotel Giraffe, it'll probably be 9:30pm. We're looking to find someplace to grab dinner around 10:30pm, not too far from our hotel (Union Sq/Flatiron area or within short cab or subway ride). No chains - we want something unique to NYC. Could be Asian or Contemporary American, price isn't really an issue but want good value w/ excellent ",New York,Blue Water Grill; Republic; Pete's Tavern,5,30,Republic.,Union Square Cafe,1,0,Blue Water Grill,Union Sq/Flatiron area,1,0,- Pete's Tavern,Pete's Tavern,1,1,Republic,Union Square Cafe,1,0
58,"We will be in SFO the weekend of July 18th. . . . just some last minute questions. . . . . . What is the best beer pub to visit? Is the farmer's market better on a Friday , Sat. or Sun. ? is the city tour that shows where movies were made, the best overall city tour ? Is Chinatown safe to walk around in at night ? Is the best cheap food Mexican, Italian or Chinese and where? Thanks for all of your help.",San Francisco,La Taqueria,6,10,La Taqueria.,Great NY Noodletown,1,0,Hotel Des Arts,Great NY Noodletown,0,0,"- Confiteria Ideal
- La Taqueria
- Great NY Noodletown
- Hotel Des Arts
- Chinatown",Lieu : The Pintsman,0,0,"- La Taqueria
- Samedi
- Great NY Noodletown
- Non
- Mexican
- Bloomingdale's",Great NY Noodletown,1,0
59,I am travelling with my boyfriend to BA and we arrive early in the morning Dec 24th. We would love to go to a traditional Argentine restaurant but am having difficulty finding which places are open and if they have set menus/prices? We would like other options besides a tango show. We are staying in Recoleta but dont mind going to other areas of the city. If you can suggest restaurants that would be open christmas eve and if they have a pre-fixe menu or not. Thanks!,Buenos Aires,San Martin,6,10,Recommande : Recoleta,Recommande : San Martin,0,1,Recoleta,Recoleta,0,0,Recoleta,Trattoria,0,0,Mason Pacific,Confiteria Ideal,0,0
60,"Looking for a nicer place to have dinner before the theater. Budget would be $50-75 for the entree per person. We enjoy steak, seafood, Asian, Italian, Mexican, Cajun. . . probably more but that is all I can think of at the moment. Are there any prix fixe menus in the area of the theaters? We will be taking the train from Milwaukee so we will not have a car.",Chicago,Acanto; Morton's Steakhouse; Latinicity,7,30,Latinicity,Latinicity,1,1,New King,DB Bistro Moderne,0,0,- Ollie's,Esca,0,0,Morton's Steakhouse,DB Bistro Moderne,1,0
61,"Four of us (two senior couples) are visiting Vancouver for one week from Sept. 1. We will be staying in a highrise in Gastown (108 West Cordova Street). We will have a rental car. We plan to drive to Whistler, Ferry to Victoria and Butchart Gardens, Hop On, Hop Off City Tour, go through Stanley Park, see the suspension bridge. Does anyone have any suggestions for: 1. Further Tours - Museums 2. Restaurants (medium priced) - China Town, Italian, Seafood? 3. Clothes this time of year - umbrella? No",Vancouver,Italian Kitchen; Rodney's Oyster House; Trattoria,9,30,"- 108 West Cordova Street  
- Italian Kitchen  
- City Tour  
- Trattoria",Le lieu le plus approprié est **Le Gavroche**.,0,0,City Tour,Trattoria,0,1,"- Italian Kitchen
- China Town
- Trattoria",Italian Kitchen,1,1,"- 108 West Cordova Street 
- Italian Kitchen
- Stanley Park
- Gastown
- Trattoria
- Rodney's Oyster House","- Rodney's Oyster House 
- Trattoria 
- Italian Kitchen 
- Le Gavroche",0,1
62,"I will be arriving at TXL from Italy on Air Berlin at 10:30 on a Saturday night next month, and have a connection the following day at 1pm to JFK. I have been to Berlin once before, just for a day, so I have seen a few of the major sights. Can someone recommend a hotel not too far from TXL by taxi close to something to do in the morning for a couple of hours before I head back to the airport (and, of course, a suggestion on what to do)? Also, does anyone know if I can check a bag straight throug",Berlin,Museum Berggruen,5,10,Piazza Navona,Le lieu recommandé est **Piazza Navona**.,0,0,Maialino,Hotel Le Grande,0,0,"- Piazza Navona
- Museo d'Orsay",Hotel Le Grande,0,0,Maialino,Maialino,0,0
63,Hi We are a family of 5 arriving in New York in April and would like any suggestions for good restaurants to take our teenage girls to. Would like maybe a one with a nice view and then a couple of cheaper ones. We all eat any type of food. Thanks in advance,New York,Don Antonio; Tao,6,20,Le Bernardin,Le Bernardin.,0,0,Tao,Tao,1,1,- Le Bernardin,La Neta,0,0,Amoy Street Food Centre,Don Antonio,0,1
64,"I want to walk the Highline on my forthcoming trip to NY, and wanted some recommendations for a good spot for a sit down lunch somewhere close to one of the exits off the Highline. Will be starting north to south. Dont mind what type of food, just nice atmosphere required. Have looked at MenuPages but so many restaurants not sure if anyone has any particular favourites?",New York,The Lobster Place; The Standard Grill; Del Posto,4,30,The Lobster Place,Del Posto.,1,1,The Standard Grill,Santina,1,0,The Standard Grill,[Tiny's],1,0,The Lobster Place,Santina,1,0
65,"Hello, I will be travelling to Chicago October 24-28 with 2 girlfriends. I am looking for dinner suggestions for the Saturday night in the River North area. We are staying at the Godfrey. It is one of the girls' birthday and I'd like to make a reservation ahead of time and let them know its a special occasion. We are open to lots of different kinds of foods, but would like to try something fun and interesting with a cool vibe. I was looking at the Purple Pig, has anyone been? Any suggestions are",Chicago,Topolobampo; Maude's Liquor Bar; The Dawson; Frontera Grill; Folklore,9,50,Folklore,The Purple Pig.,1,0,Purple Pig,Purple Pig,0,0,Pig N Whistle,Topolobampo,0,1,Purple Pig,Topolobampo,0,1
66,"My husband and I will be staying in Bloomsbury. What are some good restaurants and pubs that are near by. I would like a nice restaurant for one of the evenings, we are celebrating our 25 year anniversary. The rest of the nights we would like to try different types of food. If there are any other restaurant recommendations that are not in the immediate area of Bloomsbury I'd appreciate those as well.",London,Clos Maggiore; Le Gavroche; The Wolseley; Petrus; Cittie of Yorke; Chip Shop; The Perseverance; Princess Louise; Ye Olde Mitre,10,90,Le lieu recommandé est : Princess Louise.,Le Gavroche.,1,1,Ye Olde Mitre,The Ledbury,1,0,Petrus,The Pintsman,1,0,Petrus,The Ledbury,1,0
67,"Looking for smaller boutique style hotel suggestions with a good location for walking or public transportation. Can uber also. Would appreciate suggestions for restaurants with a brew pub thrown in too. Eclectic dining taste from street food to chef inspired. Interested in the architectural boat tour and open to any other ""can't miss"" attractions. I know, so many choices, so little time!",Chicago,Yard House; Forbidden Root,6,20,Bistro Les Amis,Bistro Les Amis,0,0,Yard House,Yard House,1,1,Veselka,Shanti Lodge,0,0,Murano,Bistro Les Amis,0,0
68,"Hi Sorry if this has been asked before but we are going to NYC soon and saying at Lexington hotel on the corner of 47th street, can any one recommend somewhere to eat within easy walking distance of the hotel , American style restaurant that do big Burgers and big steaks and big breakfasts etc that you see on TV somethings",New York,Bowery Meat; Scotty's Diner; Pershing Square; Five Napkin Burger,5,40,Recommande : Five Napkin Burger.,Scotty's Diner.,1,1,Five Napkin Burger,Five Napkin Burger,1,1,- Five Napkin Burger,Pershing Square,1,1,Five Napkin Burger,Five Napkin Burger,1,1
69,I've visited a few times previously and always stayed around the Midtown area. I'm thinking about another trip in June to celebrate turning 30! Last time I visited I spent a wonderful afternoon in Greenwich Village and would prefer to stay around this area. I would be staying around 4 or 5 nights (depending on price) and need to be in the city on the 17th June. Any recommendations on hotels in the area? Looking to pay around $200 per night including tax.,New York,Wyndham Garden Chinatown,6,10,Wyndham Garden Chinatown.,La Bonne Soupe.,1,0,Greenwich Village,Greenwich Village,0,0,Satay By The Bay,Pershing Square,0,0,Greenwich Village,Moto,0,0
70,"My husband and I are celebrating 12 years together. We are in our late 20s (started dating in high school). We will be in NYC for our anniversary, which is April 7. We are looking for dinner suggestions. We are open to all types of food, in a low to mid price point. We are not looking for anywhere fancy. . . just somewhere with good food, good drinks and good atmosphere. Somewhere fun! We are staying near the financial district, so somewhere in walking distance would be nice, but not absolutely ",New York,Tamarind; Santina; Marta; Narcissa; Le Village; ABC Cocina; L'Artusi,11,70,Le Village.,Narcissa,1,1,Yum,Narcissa,0,1,- Marta,Le Village,1,1,Forbidden Root,Narcissa,0,1
71,"Hi, We are planning a weekend in December to the xmas markets. This will be out first time to Budapest, can anyone recommend a good mid range hotel within walking distance of the market. Ideally with some leisure/spa facilities",Budapest,InterContinental Budapest,5,10,InterContinental Budapest.,InterContinental Budapest.,1,1,InterContinental Budapest,InterContinental Budapest,1,1,Guantanamera,[InterContinental Budapest],0,1,InterContinental Budapest,Menza,1,0
72,"Hi all: Will be in Chicago June 25-28, looking for a restaurant for Friday 27th that can accommodate 30ish (our group is 43, but some will want to do their own thing, so 30 is a guess at this point but I will get a count). Someone suggested Ditka's but I've read such mixed things about it. I did read that it's very loud there . . . . we have a mix of people, from ages 4 to 90 . . . . Everyone will pay their own way, so a restaurant that will accommodate separate checks. I thought of Gibson's but",Chicago,Rosebud Steakhouse; Volare,4,20,Rosebud Steakhouse,Rosebud Steakhouse,1,1,Volare,Volare,1,1,Rosebud Steakhouse,Ditka.,1,0,Volare,Gibson's,1,0
73,"Hi, my nephew (9yrs), and nieces (4yrs, 18 months) are coming for the weekend, any suggestions please for appropriate restaurants for both lunch and dinner, not high end. We're staying at the Courtyard Marriott in Mid-town Manhattan.",New York,Ellen's Stardust Diner; Hale & Hearty; Ollie's; Island Burgers & Shakes; Pig N Whistle,6,50,Ollie's,Ellen's Stardust Diner.,1,1,Ellen's Stardust Diner,Alfredo,1,0,"- Ollie's
- The Courtyard Marriott in Mid-town Manhattan
- The Steakhouse",Il Melograno,1,0,Ellen's Stardust Diner,Ellen's Stardust Diner,1,1
74,We are staying at the Bohem and are looking for a nice casual dining place within walking distance. We are looking for good casual food in a low key kind of place. Any suggestions would be great.,Budapest,Borbirosag; Taverna Dionysos; Trattoria Toscana,7,30,La Pancia Felice.,Trattoria Toscana,0,1,Square Pie,Trattoria Toscana,0,1,Trattoria Toscana.,Malatesta Trattoria,1,0,Square Pie,Square Pie,0,0
75,"Hi. , Coming to Miami in October. staying at Park Central South Beach. Could you please let me know the best way to get to Aventura or Sawgrass Malls- I won't have a car. Also are there mosquitos in maimi this time of year, thanks Angie",Miami,Dolphin Mall,5,10,Marea,Dolphin Mall,0,1,Dolphin Mall,Dolphin Mall,1,1,"- Aventura
- Sawgrass",Gordon's Wine Bar,0,0,Dolphin Mall,Dolphin Mall,1,1
76,"I have recently heard that I should try ethiopian food while in DC. I leave today. When I travel, I love to find new and different foods that I cannot try at home. Is this what I should try in DC? We are staying at the Embassy Suites Convention Center and need something that is not too far for dinner one night. I really want something ethnic and different that is hard to find anywhere else. What would you suggest? Should I try something else for my ""special"" meal for our trip? Any suggestions yo",Washington,Zaytinya; Rasika; Blue Duck Tavern; Thip Khao; Rasika West End; Etete; China Chilcano,11,70,Il Melograno.,Il est recommandé de choisir le lieu **Etete**.,0,1,Rasika,Etete,1,1,Zaytinya,Taboon,1,0,Thip Khao,Etete,1,1
77,My husband and I are staying at the Hamilton Crowne Plaza for a few nights in June for a wedding. And good suggestions for nice restaurants in the area?,Washington,The Prime Rib; Acadiana; Old Ebbitt Grill; Oval Room; Georgia Brown's,9,50,Antico Arco,Chez Josephine.,0,0,The Prime Rib,The Prime Rib,1,1,Acadiana,Chez Josephine.,1,0,Old Ebbitt Grill,Chez Josephine,1,0
78,"I know this is a broad question with NYC having so many options but wondering if people might be able to recommend a few places that would have a vegetarian option. Price is not much of an option as its my first time to stay in the city for a 3 night weekend. Eggs and dairy are fine just not fish, poultry, meat. I will be staying in SOHO but will be doing things all over downtown so open to going anywhere the subway will take me. Good Italian, Mexican, Tapas etc are always safe options. But like",New York,Scarpetta; Casa Mono,3,20,Casa Mono.,La Paila,1,0,Casa Mono,La Paila,1,0,- Scarpetta,Westville East,1,0,Casa Mono,Lao Wai,1,0
79,"Hello Rome Forum: This is my first post on this forum, and I'm excited to be here! After doing some research on past posts, I think I need your help. I have just booked a group of 14 at the Best Western Hotel Canada on Via Vicenza for 4 nights in mid-September. The hotel is about a block or so from the Castro Pretorio subway stop and several blocks from Termini rail station. I would like to arrange dinner reservations for the entire group on our arrival night, and need assistance finding a resta",Rome,Trattoria,3,10,Via Vicenza,Via Vicenza,0,0,Trattoria,Crispo,1,0,Trattoria,Trattoria Riccardo,1,1,Trattoria,Alla Rampa,1,0
80,"hi again, can anyone tell me please where can we have dinner at a hungarian restaurant with traditional music and dance in reasonable price",Budapest,Ket Szerecsen; Menza,6,20,The Modern,Le Purple Pig,0,0,The Purple Pig,Ket Szerecsen,0,1,- The Purple Pig,Menza,0,1,Menza,Ket Szerecsen,1,1
81,"We have one day in May (5-6 hours, actually, as we will be coming in from and returning to a cruise in the port of Civitavecchia). It's a Sunday, so the Vatican Museums will be closed. What can we reasonably expect to see and do in that time period to get the best highlights of Rome? Is it advantageous to take a guided tour or is Rome doable on a self-guided walking tour or hop-on/hop off bus? Thank you.",Rome,Piazza del Popolo; Spanish Steps; Pantheon; Via dei Fori Imperiali; Roman Forum; Piazza Navona,10,60,Roman Forum.,Roman Forum,1,1,Roman Forum,Roman Forum,1,1,"- Piazza del Popolo
- Ollie's
- Pantheon
- Spanish Steps
- Madero Tango",Piazza del Popolo,1,1,Piazza del Popolo,Spanish Steps,1,1
82,"Hello everyone, Are there any Moroccan restaurants that serve good chicken bastilla/pastilla/b'stilla/however you want to spell it? We only have one Moroccan restaurant here in Vegas, and they don't serve it. I've been craving it everyday since I had it in Morocco a year and a half ago and can't find it anywhere. Even in real cities when I find a Moroccan restaurant it's never on the menu. I prefer to stay in Manhattan. I've looked up a few restaurants on menupages, but I just wanted some recomm",New York,Zerza; Tagine,6,20,Zerza,Tagine,1,1,Marea,Zerza,0,1,B'stilla,Tagine,0,1,Zerza,Tagine,1,1
83,"Hello, Can anybody recommend 3 or 4 good restaurants near theater district? we will be eating after a 7p show with 2 adults, 2 teenagers. I am assuming that is about a 10pm dinner. thank you!",New York,Bar Americain; Joe Allen; Don Antonio,4,30,Don Antonio.,Don Antonio,1,1,Bar Americain,Joe Allen,1,1,"- Joe Allen
- Don Antonio
- Bar Americain
- Carmine's",Joe Allen,1,1,Joe Allen,Joe Allen,1,1
84,"Hi folks! There's a group of 10 of us heading over to Amsterdam for a Stag party, and I'm just wondering if anyone has any suggestions for good bars (good lively atmosphere), restaurants (not too fancy, something that would take 10 people in, and something that won't give us food poisoning!) and clubs (with late opening hours and good music). I think I had the most success with the clubs, found four pretty interesting ones so I'm sure we'll work something out amongst us (Melkweg, Paradiso, Bimhu",Amsterdam,Barra,5,10,Barra,Réponse : Barra,1,1,Barra,Barra,1,1,Melkweg,Melkweg,0,0,Bimhuis,Saturnino,0,0
85,This really is a last minute thought. . . . But we have a show booked tomorrow night and we will be caught for time so I'm just trying to suss out some potential restaurants to get some grub into us before the show. . . We are not too fussy but anything that is good value and has a good reputation. . . Thanks in advance for any suggestions.,London,Brasserie Zedel,5,10,State Bird Provisions,State Bird Provisions,0,0,State Bird Provisions,The Publican,0,0,- Brasserie Zedel,DB Bistro Moderne,1,0,The Publican,The Publican,0,0
86,"Hi, I scanned through the restaurant-related topics on this forum but am looking for something a bit different to what was discussed, so I thought I'd post a question. Apologies if I'm repeating anyone else's questions! My partner and I are going to Amsterdam in November for my 30th birthday and I wonder if anyone can recommend a nice restaurant? Preferably English language, and nothing too stuffy - something fairly laidback with good food and a relaxed atmosphere. I had a look at the most popul",Amsterdam,Toscanini; Pasta e Basta; Saturnino; Wing Kee; Incanto; New King,10,60,Wing Kee,Nouvelle réponse : Topolobampo,1,0,Pasta e Basta,Pasta e Basta,1,1,- Incanto,Pasta e Basta,1,1,Saturnino,Toscanini,1,1
87,"My OH and I are off to Berlin in April. Arrive Thursday morning, leave Sunday afternoon - so 2. 5 days in the city. Are there some must see places, or is it could to just walk around? Last time I was in Berlin the wall was still up - many years ago. So I would like to see areas of the wall still standing. We'd also like to see stuff to do with holocaust and Nazi era. Also, any suggestions on where to go for dinner or lunches out? We're staying at the Park Inn, Alexandra Plaza",Berlin,Spagos,3,10,Alexandria Plaza.,- Alexandra Plaza,0,0,Spagos,Alexandra Plaza,1,0,- Spagos,Gordon's Wine Bar,1,0,Spagos,Spagos,1,1
88,"Hey FT, I'm arriving in San Francisco in August 2010 with my family, so we're starting to plan the trip now. We're quite stoked to visit SF. We would like to ask FT for their recommendations for the following things (need to be in Union Square/Chinatown if possible) - A good Chinese restaurant - Bubbletea shop/cafe - A Vietnamese/pho restaurant - Chinese bakeries - A restaurant that serves wonton noodle :) - Sushi place (can be in Japantown too) Thank you for all of your help!",San Francisco,Sushi Bistro; Hai KY Mi Gia; Henry's Hunan,5,30,Japantown,Sushi Bistro,0,1,Sushi Bistro,Union Square/Chinatown,1,0,Henry's Hunan,Shun Lee Palace,1,0,Henry's Hunan,Sons & Daughters,1,0
89,"Hi, Will be in London for a week 19th-27th May. Have been to London many times but have always been somewhat lost on places to eat ! Have eaten at some nameless Chinese restaurants in Soho and some noodle bars - not very impressive. But this time around we are determined to have good food in London ! So, Could some friends on this forun please suggest their favourite not so expensive eating joints - best fish and chips , the ultimate diner, the most wholesome Chinese meal etc etc . Someone sugge",London,La Trompette; Alounak; Chez Bruce; Square Pie; River cafe; Chip Shop; Dickens Inn,8,70,Chez Bruce.,Chez Bruce.,1,1,Chip Shop,Chip Shop,1,1,- Alounak,[Chip Shop],1,1,Dickens Inn,Chip Shop,1,1
90,"Hi all,yes I know it´s a bad habit. . . But are there still restaurants in Bangkok where smoking cigarettes is allowed? I think that inside all air-conditioned restaurants it´s forbidden, but could you maybe give some advice, which restaurants still have smoking sections, maybe cigar bars or outdoor dining where one could smoke? Thank you in advance for your answers!Best regards,sanook:)",Bangkok,Mezzaluna,5,10,Mezzaluna,Mezzaluna,1,1,Trattoria Toscana,Mezzaluna,0,1,Trattoria Toscana,Buddakan,0,0,Mezzaluna,Mezzaluna,1,1
91,"Hi, I will be in London for a day on the 25th of Dec. . . any suggestions on things to do? I understand almost everything will be closed but I will have a rented car so I can drive around at the very least. I am also looking for open eateries on the 25th. Can I expect Indian, Chinese restaurants to be open atleast for lunch?",London,Little Bay; Britannia Pub,6,20,Bella Notte,Bella Notte,0,0,Britannia Pub,Little Bay,1,1,Scotty's Diner,Bella Notte,0,0,Scotty's Diner,Bella Notte,0,0
92,"Hi Everyone I will be in NYC for the very first time next month for my 30th and was really hoping for some help in some great restaurant recommendations for my birthday meal. We are not too concerned on price (within reason!) and just looking for great quality food and atmosphere. Steak houses, Asian, Italian etc. . We are totally open to suggestions. Thanks so much in advance :-)",New York,Yakitori Totto; Pasquale Jones; Bowery Meat; Marea; Crispo; Chaan Teng; Basso56; STK,12,80,Balthazar,Basso56,0,1,Basso56,Basso56,1,1,- Marea,- Marea,1,1,Basso56,Basso56,1,1
93,"I will be staying with family in Tiburon from 9/8 til 9/11. I have some questions. Day one I will have a car from the airport, I would like to know what would be a good day trip to do as I will be arriving 1030 am and do not want to arrive in Tiburon til around 4 PM Are there any things to do on the Tiburon side or North side of SF that wont be an all day thing? Whats the best low key restaurant in a hip area of town for a date night with wife? I would like to get a hotel that is walking distanc",San Francisco,Bar Crudo; Locanda; Limon; Beretta; Delfina,9,50,Recommande le lieu le plus approprié parmi la liste ci-dessus : **Bar Crudo**.,Limon,1,1,Limon,Bar Crudo,1,1,- Pier 39,Tiburon,0,0,Princess Louise,Delfina,0,1
94,Any recommendations for good (but not extremely expensive) restaurants near The Benjamin Hotel (E. 50th St. )?,New York,Amma; Wollensky's Grill; Le Colonial; Shun Lee Palace; Caffe Linda; Felidia; La Mediterranee; 21 Club,9,80,Amma,La Mediterranee.,1,1,Felidia,Caffe Linda,1,1,21 Club,Le Comfort Diner,1,0,Felidia,Caffe Linda,1,1
95,"hi we are looking for a place to eat christmas eve dinner on 24dec 2011 in budapest, can anyone recommend? ? ?",Budapest,Menza; Bagolyvar,6,20,Porta Castello,Bagolyvar,0,1,Ye Olde Mitre,Bagolyvar,0,1,- Ye Olde Mitre,Bagolyvar,0,1,Ye Olde Mitre,Bagolyvar,0,1
96,Leaving on a Friday out of San Francisco at NOON arriving in Dublin at 9 AM. I haven't booked a place to stay as of yet- seems most places check in isn't that early- what do i do with my luggage? any suggestions would be great! Thanks!,Dublin,Clontarf Castle Hotel,5,10,Mercato,Clontarf Castle Hotel,0,1,Clontarf Castle Hotel,Hotel Le Grande,1,0,Mercato,Le Clontarf Castle Hotel,0,1,Clontarf Castle Hotel,Clontarf Castle Hotel,1,1
97,"My daughter an I will b staying at Jury's Wahington Hotel, 1500 New Hampshire Ave. , next week while she visits GWU Grad School. I need recommendations for dining (reasonable but not budget, necessarily) and any info on getting to Zoo and National Gallery from that area. Also appreciate info on transport from National Airport to hotel. Thanks in advance!",Washington,Sala Thai; House of Kabob; Pizzeria Paradiso,7,30,Veselka,Le lieu recommandé est : Pizzeria Paradiso.,0,1,Sala Thai,Veselka,1,0,"- Rasika West End
- House of Kabob
- Museum Tavern
- Pizzeria Paradiso
- Veselka",Veselka,0,0,Veselka,Veselka,0,0
98,"We are visiting Chicago next wknd. for my husband's birthday from Boston, staying at the Westin Michigan Avenue. I have some recommendations from a friend who knows the city well and so far have reserved dinner at Hugo's Frog Bar for one of our nights (he suggested that over Gibson's for a more modern dining experience). What do others recommend for steak houses? Also, I'm looking for a great Italian restaurant, moderately priced, somewhere my husband can definitely get chicken parm or another """,Chicago,The Rosebud; Bella Notte; Mia Francesca; Sapori Trattoria; Rosebud Restaurants; riccardo trattoria; Primehouse,8,70,- The Rosebud,Mia Francesca,1,1,The Rosebud,Mia Francesca,1,1,"- Primehouse
- Sapori Trattoria
- Mia Francesca
- Rosebud
- Riccardo Trattoria","*   Rosebud
*   Mia Francesca
*   Saturnino
*   Frank",1,1,"- The Rosebud
- Mia Francesca
- Primehouse
- Bella Notte
- Sapori Trattoria
- riccardo trattoria",Morton's Steakhouse,1,0
99,"Hi , am planning a trip to moscow & st pet and want to stay at the most centrally located hotels in both. I want to be right in the shopping and tourist sites and love hustle & bustle. Has anyone been to the new ritz in moscow? is it closer to the action than the marriott aurora ? and in st petes does anyone know best cetral hotel. It want a hotel where everything as at the doorstep. . . thansk sooo much. . .",Moscow,Ararat Park Hyatt; Metropol,6,20,The Modern.,Le lieu recommandé est **Metropol**.,0,1,Metropol,Metropol,1,1,"- Ararat Park Hyatt
- The Modern",Ritz,1,0,The Metropol,Ararat Park Hyatt,1,1
