index,question,correct_letter,correct_text,baseline_letter,baseline_text,rag_letter,rag_text,baseline_correct,rag_correct,baseline_f1,rag_f1
0,"While the Tiangong-1 and Shenzhou-9 combination is in orbit, the celestial system it forms with the celestial body it orbits is of the same level as which of the following? (　　)",D,Earth-Moon system,D,La réponse est : **l'orbite de la Terre**.,D,"La réponse est : **Le système lié au ciel, comme le système de la Terre.**",1,1,0.0,0.0
1,"When Tiangong-1 and Shenzhou-9 successfully docked, which city had the longest daylight hours? (　　)",A,Harbin,A,The city with the longest daylight hours was in Beijing.,A,La réponse est : **L'Alhambra**.,1,1,0.0,0.0
2,Which of the following statements about the Tiangong-1 and Shenzhou-9 combination during its in-orbit operation is incorrect? (　　),B,The Earth's orbital speed is increasing.,A,"La réponse correcte est : **La Tiangong-1 et Shenzhou-9 sont des satellites de la space station pour lancement et orbite, mais la Shenzhou-9 n'a pas été lancement en 2023.**",A,"La réponse correcte est : **""Il réalise la dernière mission du programme Gemini en 1966.""**",0,0,0.0,0.0
3,"Which of the following statements about countries A, B, C, D, and E is correct?",B,"China, Canada, United States, India, Denmark",D,"Le correct est ""A, B et C sont des pays en développement.""",D,La réponse correcte est : **Le Chili et l'Argentine sont les deux pays d'Amérique latine avec la culture européenne la plus affirmée.**,0,0,0.0,0.0
4,Which statement about production in country A in the chart is correct?,D,This crop is primarily grown in the eastern region of this country.,A,La production en pays A est correctement représentée par la ligne en question.,A,"La réponse correcte est : ""L'Arabie saoudite détient les deuxièmes plus importantes réserves prouvées de pétrole au monde.""",0,0,0.0,0.0
5,"If there is a natural harbor at location A, what are the climate characteristics of the harbor?",C,Heavy rain in summer,A,La climate des bords naturels de location A est typiquement marinaire.,A,"La réponse est : ""Le climat de la porte d'Aruba est tropical et très sec.""",0,0,0.0,0.0
6,"If a ship approaches from the opposite side of Port A, and the flag on its mast flies in the direction...",A,Southeast,A,La flèche du flag de la navette pointe vers le côté opposé.,A,La flèche du flag se déplace vers la direction opposée à celle de laquelle provient le navire.,1,1,0.0,0.0
7,Shouguang's concentrated vegetable production has led to the spurring and agglomeration of related supporting industries and service sectors. Which upstream vegetable production enterprises are considered?,B,"Agricultural production materials companies, seed and seedling companies",A,"Shouguang's concentrated vegetable production has spurred related industries and services, with upstream enterprises including agricultural cooperatives and processing firms.",A,"Les entreprises de production de légumes concentrés en Shouguang, comme les épiceries et les spécialités, ont contribué à l'agglomération des secteurs d'approvisionnement et d'industrie.",0,0,0.22222222222222218,0.07692307692307691
8,"The main reason Shouguang's ""winter-warm vegetable greenhouses"" are mostly planted around the beginning of autumn and spring is:",A,High market demand for vegetables during the market season,A,La principale raison est que ces énergies sont plus efficaces à l'automne et l'automne pour les énergies solaires.,A,"La main raison est la présence d'une pluviométrie abondante et des températures douces, qui favorisent l'agriculture en automne et hiver.",1,1,0.0,0.0
9,Which statement about the impact of the Shouguang vegetable industry cluster on the local economy is incorrect?,C,It has provided a valuable model for my country's agricultural and rural development.,A,The incorrect statement is that the Shouguang vegetable industry cluster has had no impact on the local economy.,A,"La réponse est : **Le gouffre de la dette est allé jusqu'à 14,1 % du produit intérieur brut, en augmentation importante face à 2015 mais inférieur aux estimations.**",0,0,0.07692307692307691,0.0
10,"The North Atlantic Current is sinking near Greenland due to increased salinity. The main reasons are: ① The ocean continues to release heat into the atmosphere, lowering its temperature; ② As the warm current flows northward, water vapor evaporates, gradually increasing salinity; ③ The lower temperatures and dry air in high latitudes make it easier for seawater to evaporate; ④ Seawater freezes, increasing salinity; ⑤ The influence of the Coriolis force.",C,①②④,D,"The North Atlantic Current is sinking near Greenland due to increased salinity, primarily from the release of heat and water vapor in the atmosphere and the evaporation of seawater.",D,"La réponse est : **Le principal facteur est que l'Atlantique est en mouvement vers l'Est, en raison de la salinité croissante due à l'émission de chaleur au niveau de la mer et à la sécheresse.**",0,0,0.0,0.0
11,Global warming will disrupt the surface and bottom current systems of the North Atlantic. The main reason is...,B,"Global warming causes polar ice to melt, decreasing the salinity and density of surface waters.",A,La main de cheville est le principal facteur de disruption des systèmes de courants marins du Néerland.,A,La main d'œuvre a causé un dérèglement des systèmes de courants marins.,0,0,0.0,0.0
12,"At this moment, the local time in location A is (　　)",D,21:00,B,"La réponse est : **""La température est 20°C.""**",A,"La réponse est : Le temps local en location A est le moment d'entrée en œuvre du DTSS, en termes d'archéologie.",0,0,0.0,0.0
13,How many countries in the figure were in the re-urbanization stage from 1984 to 1989?,B,2,A,The figure shows that 12 countries were in the re-urbanization stage between 1984 and 1989.,A,La réponse est : 10 pays.,0,0,0.0,0.0
14,Factors driving re-urbanization in some Western European countries include: ① the revival of traditional industries ② the development of the tertiary industry ③ the deterioration of the agricultural ecological environment ④ the improvement of urban environmental quality.,C,②④,D,"Factors driving re-urbanization in some Western European countries include ① the revival of traditional industries, ② the development of the tertiary industry, and ④ the improvement of urban environme",D,Réponse : ① et ②.,0,0,0.0,0.0
15,"11.

Question:
If the solar altitude at Point B in Figure 6 is 5°, then the geographic latitude and solar elongation at noon are ( )",D,"75°N, 35°",C,"If the solar altitude at Point B is 5°, then the geographic latitude and solar elongation at noon are both 5°.",C,"La latitude de Point B est de 4°, et l'elongation du Soleil à l'horizon est de 5°.",0,0,0.0,0.0
16,"At this time, which of the following locations is located in the daytime hemisphere?",B,"(80°N, 10°E)",A,La location située dans le jour de l'hemisphère sud.,A,La réponse est : **l'Amérique du Sud**.,0,0,0.0,0.0
17,"In Figure B, which curve represents the change in the solar altitude at point P on that day?",D,③,A,La courbe qui représente le changement de l'altitude solaire au point P sur la journée B.,A,La courbe B représente la variation de l'altitude solaire au point P.,0,0,0.0,0.0
18,Which description of the development of specialized agriculture in the various regions shown in the image is correct?,C,Region C develops river valley agriculture because of its relatively abundant heat.,D,"La description correcte est : ""La spécialisation agricole a progressé significativement dans les zones rurales et urbaines.""",A,"La description correcte est : ""Les zones de gestion spécialisées dans les régions montrent des progrès significatifs, notamment grâce à la technologie moderne et à l'adaptation aux besoins spécifiques",0,0,0.0,0.0
19,The farming method shown in the image was developed because of the region's,A,Inadequate water conservancy facilities,A,The farming method was developed due to the region's climate and resources.,A,La méthode de culture s'est développée en raison de la disponibilité des ressources hydriques et de la richesse naturelle de la région.,1,1,0.0,0.0
20,my country's rare earth reserves decreased from 74% of the world's total in the 1970s to only 36% in 2009. The main reason for this is (),C,my country's rare earth resources are overexploited,A,The main reason for the decrease in rare earth reserves is the global demand for energy and technology.,A,La main d'oeuvre pour la réserves énergétiques a diminué de 74% au 1970 à 36% en 2009.,0,0,0.2,0.0
21,"From the perspective of sustainable development, the appropriate measures my country should take regarding the development and utilization of rare earth resources are: ① Reduce exports of primary mineral products; ② Conduct protective mining of rare earth resources; ③ Vigorously exploit the advantages of abundant rare earth reserves; ④ Further expand the global export share of rare earth resources.",A,①②,A,"From the perspective of sustainable development, the appropriate measures include reducing exports, protecting mining, exploiting resources wisely, and expanding global exports.",A,La réponse est : ② Conduct protective mining of rare earth resources; ④ Further expand the global export share of rare earth resources.,1,1,0.0,0.0
22,"When the cost curve changes from 1 to 2, the companies that remain in area AE (　　)",C,Losses occur due to rising rents,A,The companies that remain in area AE will have a cost curve that changes from 1 to 2.,A,La réponse est : **les compagnies sélectionnées dans le marché belge**.,0,0,0.09090909090909091,0.0
23,The optimal location for this type of enterprise is (　　),C,Point D,A,La meilleure localisation pour cette entreprise est ... (remplacez par une réponse concise).,A,"La meilleure position pour cette entreprise est située dans la vallée du Rhône, à proximité de la métropole Clermont-Ferrand et de l'agglomération de Valence (Drôme).",0,0,0.0,0.0
24,"Based on the analysis of the chart below, since the reform and opening-up policy, the trends in Shandong Province's socioeconomic development have been: ① a continuous decline in the output value of the primary industry; ② a continuous increase in the proportion of the secondary industry; ③ a gradual entry into the industrialization stage; and ④ a continuous improvement in the level of urbanization.",B,③④,A,"Based on the analysis of the chart, Shandong Province's socioeconomic development has shown a continuous decline in primary industry output, an increase in secondary industry proportion, a gradual ind",A,Réponse : ② et ③.,0,0,0.0,0.0
25,The significance of industrial agglomeration in the Qingdao Rail Transit Equipment Manufacturing Cluster is that it ① facilitates shared infrastructure ② facilitates information and technology exchange ③ facilitates economies of scale ④ facilitates production collaboration and reduces costs ⑤ facilitates the search for optimal global locations.,A,①②③④,C,"The significance of industrial agglomeration in the Qingdao Rail Transit Equipment Manufacturing Cluster is that it facilitates economies of scale, production collaboration, and reduces costs.",D,"La réponse est : ③ facilitates economies of scale, ④ facilitates production collaboration and reduces costs, et ⑤ facilitates the search for optimal global locations.",0,0,0.0,0.0
26,Possible directions of river L in the map:,C,Southwest to Northeast,A,Possible directions of river L in the map: **directions from the river L's flow in the map**.,A,"Possible directions of river L in the map: A, B, C, D.",0,0,0.0,0.0
27,"If x is 500 meters, what is the altitude of point a in the map?",C,Between 500 and 600 meters,B,The altitude of point a in the map is 500 meters.,B,La réponse est : **500 mètres**.,0,0,0.3333333333333333,0.22222222222222224
28,"The three residential land change rate curves (a, b, and c) in the figure represent ( ) respectively.",A,"The entire village, the village center, and the village periphery.",A,respectivement les trois courbes représentant les taux de change de résidentiel en fonction du temps.,A,"respectivement la hausse de la température moyenne et la baisse de la pluviométrie moyenne, ainsi que la diminution des précipitations.",1,1,0.0,0.0
29,"During the period P-T, the main reason for the change in the village population was ()",A,Continued urbanization,D,La main de pied a changé en raison de la perte de population due à la destruction du territoire.,A,La main reason for the change in the village population was the expansion of the Bantou.,0,1,0.0,0.0
30,What plate are shown in the diagram?,D,Point D is the Antarctic Plate.,C,"La question est trop longue pour une réponse courte. Si tu veux, je peux te dire que la question est : ""Quelle plateforme est représentée dans le diagramme ?""",A,La réponse est : **Le diagramme montre une place représentée avec des pavés de couleurs différentes.**,0,0,0.0,0.0
31,Which of the following areas is prone to earthquakes?,A,A and B,A,L'area prone à des tremors est la zone géographique en danger.,D,"La zone prone à l'quake est la zone Ib (« sismicité faible »), les cantons d'Aix-en-Provence, Trets, Eyguières, Orgon, Berre-l'Étang, Istres-Nord et Istres-Sud.",1,0,0.0,0.0
32,Which statement about plate tectonics is correct?,B,Rocks at mid-ocean ridges are the youngest.,A,La correcte est que les tremblements de terre se produisent à cause de la collision ou de l'effondrement de plateaux terrestres.,A,"La réponse correcte est : **La séparation tectonique a donnée naissance au schisme de la péninsule arabique et de l'Afrique du Nord-Est, ainsi que au rift de la Mer Rouge au cours de l'Ère tertiaire.*",0,0,0.0,0.0
33,The main natural causes of the Kubuqi Desert's formation are:,D,"Deep inland, resulting in a dry climate",A,Les principales causes du désert Kubuqi sont la perte de précipitations et l'élévation du niveau de la mer.,A,"La péninsule doit la plupart de ses caractéristiques physiques à la séparation tectonique, notamment le schisme de la péninsule arabique et de l'Afrique du Nord-Est, qui a donné naissance au rift de l",0,0,0.0,0.0
34,"Which of the following embodies the characteristics of the ""Kubqi Model""?",B,Focusing on ecological governance to promote industrial development,A,Le modèle de Kubqi se concentre sur la beauté et l’harmonie dans la construction.,A,"La réponse est : **les caractéristiques de la ""Kubqi Model"" sont les diversité des produits, les saveurs accrues et les mets savoureux et sains.**",0,0,0.0,0.0
35,Sunrise at location T on that day was Beijing time.,B,3:10 PM,A,The sunrise at location T on that day was Beijing time.,A,"La plus ancienne mention de « Boni » (渤泥) se trouve dans la Taiping huanyuji (太平環宇記) ou Géographie universelle de l'ère de la Grande paix de Yue Shi (乐史, 930–1007).",0,0,0.0,0.0
36,Location P is located in the direction of location T.,A,Northeast,A,Location P is located in the direction of location T.,A,Location P est située dans la direction de location T.,1,1,0.0,0.0
37,The main reasons for the changes in my country's population burden coefficient curve in the ten years before and after 2010 are:,C,A decrease in the number of people aged 14 and under and an increase in the number of people aged 65 and over.,A,"The main reasons for changes in the population burden coefficient curve in the ten years before and after 2010 are economic factors, technological advancements, and policy interventions.",A,Le main reason for the changes in my country's population burden coefficient curve in the ten years before and after 2010 are the economic crisis and climate change.,0,0,0.1904761904761905,0.1904761904761905
38,What impact did the changing characteristics of my country's population age structure from 2000 to 2010 have on my country's socioeconomic development?,D,"A sufficient labor supply, facilitating socioeconomic development.",D,The changing characteristics of my country's population age structure from 2000 to 2010 had a significant impact on its socioeconomic development.,A,"La structure populationnelle de la période 2000-2010 a conduit à une baisse des revenus et à une augmentation de la pauvreté, ce qui affectait significativement le développement socio-économique.",1,0,0.16,0.0
39,"Based on the changing characteristics of my country's population burden coefficient curve, the main directions for my country's future economic and social development are: ① vigorously develop labor-intensive enterprises to increase the employment rate; ② improve the elderly care system and develop products for the elderly; ③ vigorously develop high-tech industries to increase product added value; ④ carry out technological innovation to improve labor efficiency.",A,②③④,A,"Based on the changing characteristics of the population burden coefficient curve, the main directions for future economic and social development include developing labor-intensive enterprises, improvi",A,"La réponse à la question est : ①, ②, ③ et ④.",1,1,0.0,0.0
40,What is the rock type and topography at location A?,A,Extrusive ridge,D,La nature du roche à la location A est un type spécifique et ses caractéristiques géologiques déterminent son forme et sa structure.,A,"La rock type à location A est le calcaire jurassique des Côtes des bar, et la topographie est un plateau barrois culminant à  au mont Gil.",0,1,0.0,0.0
41,Which of the following regions is located on a plate boundary similar to location A?,D,Iceland,D,La région correspondante à une limite plate semblable à celle de A est **l'océan Indien**.,A,"La réponse est l'Argentine, car elle est située sur un relief de plateaux et des vallées encaissées, semblables à l'origine du contexte.",1,0,0.0,0.0
42,The most likely difference in pressure between locations ① and ② is ( ),A,24,C,La différence de pression entre les points ① et ② est due à la variation de la température ou à l'altitude.,D,The most likely difference in pressure between locations ① and ② is **± 10 Pa**.,0,0,0.0,0.0
43,"At this time, the wind blowing from ③ is ()",D,Southeast wind,A,La phrase réponse est : **Le vent de ③ pointe vers le sud.**,A,La réponse est : Le vent de l'Est.,0,0,0.0,0.0
44,"At this time, the weather conditions in location ④ are ()",B,Clear and light rain,D,La réponse courte est : **les conditions météo en location ④ sont ...**,D,La température moyenne annuelle est de 10°C et la hauteur de précipitation est de 120 mm.,0,0,0.0,0.0
45,The river is located in my country.,B,Northeast China,A,La rivière est située dans ma pays.,A,La rivière à Ange est située dans le pays.,0,0,0.0,0.0
46,Which of the following statements about the river is correct?,C,"If this river flows from west to east, channel P will gradually become shallower.",A,"La réponse correcte est : ""La rivière est une source d'eau douce.""",D,La Durance est une rivière principale qui s'écoule dans la moitié occidentale du département.,0,0,0.0,0.0
47,Which of the two curves in the figure is correct?,B,"The greater the difference between evaporation and precipitation, the higher the soil salinity.",A,La courbe correcte est la courbe qui correspond à l'élément géographique en question.,A,La courbe correcte est la courbe de Tiyi.,0,0,0.0,0.0
48,The figure shows the impact of the net change in forest area on the world ( ),D,Global warming,A,La figure montre l'impact de la variation du volume forestier sur le monde.,D,La figure montre l'impact de la réduction du volume forestier sur la planète.,0,1,0.0,0.0
49,The most plausible cause of the net change in forest area in Asia is ( ),C,Transition from deforestation to afforestation,A,Le plus probable cause de la variation net dans la surface forestière de l'Asie est l'urbanisation.,A,"La réponse la plus plausible est : **la surexploitation, la déforestation et la fragmentation forestière**.",0,0,0.0,0.0
50,The correct conclusion based on the graph is:,D,The proportion of cotton planting area in southern China to the national total declined from 1980 to 1990.,A,La conclusion correcte est que la croissance des populations est la plus rapide dans les zones humides.,D,"La conclusion correcte est : ""L'anarchie est organisée et structurée : c'est l'ordre moins le pouvoir.""",0,1,0.0,0.0
51,Xinjiang is my country's highest-quality cotton-producing region. Its advantages are:,A,Abundant sunlight,D,"Xinjiang is the highest-quality cotton-producing region in my country, with significant advantages in this sector.",D,"La réponse est : Xinjiang est la région la plus qualifiée pour produire du coton, avec des avantages comme la qualité du coton et l’importance économique.",0,0,0.0,0.0
52,"""Standing here and looking north, the lake beneath the hills is like a piece of jade embedded in the earth, while the two long mountain ridges extending to the north and east of the lake are like a pair of gentle hands, caressing this sleeping spirit with infinite affection."" The ""here"" in the text is most likely ()",D,Place D,A,"The ""here"" refers to the lake beneath the hills.",A,La réponse est : **le nord**.,0,0,0.0,0.0
53,The research base is located in (),B,Great Wall Station in Antarctica,D,The research base is located in the city of Paris.,D,"La réponse courte est : *Le research base est situé dans l'Utah, au nord-est des États-Unis.*",0,0,0.16666666666666666,0.0
54,"Which of the functional zones represented by ①, ②, ③, and ④ in the figure is correct?",A,"Residential, Industrial, Administrative and Green Area, Commercial",D,La réponse correcte est ②.,A,"La réponse correcte est : ①, ② et ③.",0,1,0.0,0.0
55,"If the arrow in the middle represents the direction of migration of manufacturing in recent years, what does it represent?",A,Capital and technology,A,It represents the direction of migration of manufacturing in recent years.,A,Le point d'arcs représente le mouvement de production vers les secteurs technologiques et internationaux.,1,1,0.0,0.0
56,What adverse impact will the phenomenon shown in the graph have on Region B?,C,"Severely impact similar industrial sectors in Region B, placing them at a competitive disadvantage.",D,La fenêtre de l'analyse montre une influence adverse sur le pays B.,D,"La région B pourrait subir une baisse de la température et une diminution de la pluviométrie, en raison du changement climatique.",0,0,0.09523809523809525,0.07692307692307693
57,"At the time of the first successful docking, the twilight line on Earth's surface was ( )",A,Line ①,A,La twilight line on Earth's surface était à l'équateur.,D,La twilight line on Earth's surface was at the time of the first successful docking.,1,0,0.2,0.15384615384615385
58,What is the most likely factor to interfere with communications between the spacecraft and the ground control system? ( ),D,Solar activity,A,La plus probable factor est la turbulence atmosphérique.,D,La plupu factor à interager avec les communications entre les vaisseaux et le système de contrôle est la présence d'interférences et de parasites.,0,1,0.0,0.0
59,"When docking is successful, which of the following statements is correct? ()",C,"At that time, the sun's altitude decreases from (11°S, 83°W) to the surrounding areas.",D,"When docking is successful, the correct statement is that the vessel will be safely docked and ready for further operations.",D,"When docking is successful, the correct statement is that the factions successfully leave the ship and reach the surface of Chiron.",0,0,0.07142857142857144,0.07407407407407407
60,"Compared to other areas in the province, the main reason why the Poyang Lake Ecological Economic Zone is currently attracting more inflows is ()",D,"Relatively developed economy, abundant employment opportunities",A,The main reason is its strategic location and ecological benefits.,D,La principale raison est la disponibilité de l'eau technologique.,0,1,0.0,0.0
61,"Compared to the Yangtze River Delta, the main advantages of the Poyang Lake Ecological Economic Zone are ()",A,Low land and labor prices,D,"The Poyang Lake Ecological Economic Zone has main advantages such as fertile soil, abundant water resources, and economic development.",A,"The main advantages of the Poyang Lake Ecological Economic Zone are its ability to optimize resource use, reduce waste, and ensure efficient economic development.",0,1,0.08695652173913045,0.07692307692307693
62,Which statement about population size in the figure is correct?,C,P' is the reasonable population capacity under conditions of high productivity.,A,La population dans la figure est représentée par une croissance constante.,D,La population de Burkina Faso est estimée à 20 505 155 habitants.,0,0,0.11764705882352941,0.10526315789473685
63,What does the diagram reflect?,D,"When the population level is above the optimal population size, population growth leads to a decline in quality of life.",A,The diagram reflects the distribution of natural resources and land use patterns.,D,"La diagramme reflète l'ordre moins le pouvoir, symbolisant l'organisation et la structure.",0,1,0.07692307692307693,0.0
64,High-risk areas for the resource curse,B,Rich natural resources and primarily primary industries,A,Les zones à risque du curseur des ressources sont souvent les zones rurales ou les zones agricoles.,A,Les zones de risque pour le curse de ressources incluent les zones montagnardes et les zones à forte dératisation.,0,0,0.0,0.0
65,"In future development,",A,"Shanxi Province should pursue all-round, diversified development based on its coal resources.",D,"In future development, we will focus on improving accessibility and sustainability.",D,"In future development, certain concepts for differentiated water management concepts are still not yet achieved for a single culture type.",0,0,0.17391304347826086,0.06666666666666667
66,Which judgment about my country's automobile production is correct?,C,The rapid development of the automobile industry in the eastern region is closely related to the huge local market demand.,A,"La réponse courte est : ""Le production de l'automobile de votre pays est correct.""",A,La réponse correcte est : **L'Argentine est propriétaire de son bien national naturalisé et respecte le respect déontologique de la valeur législative.**,0,0,0.0,0.0
67,"my country's advantages in developing its automobile manufacturing industry lie in: ① Advanced manufacturing technology ② Well-equipped industrial infrastructure ③ Growing market demand ④ Abundant, low-cost labor",B,②③④,D,"The advantages lie in advanced manufacturing technology, well-equipped industrial infrastructure, growing market demand, and abundant, low-cost labor.",A,"Réponse : ④ Abundant, low-cost labor.",0,0,0.0,0.0
68,The main reason Chinese automakers invest in and build factories in Brazil is:,C,Growing demand for automobiles in the local market,A,The main reason Chinese automakers invest in and build factories in Brazil is to access a large and growing market.,D,La main reason is that Chinese automakers build factories in Brazil to access resources and benefit from its economic potential.,0,0,0.25,0.08
69,"If arc abcd represents a circle of latitude in the Northern Hemisphere, and the sun rises at location a at this time, ∠aob = 120°. Which of the following statements about the locations on arc abcd is correct?",D,The sun rises from the northeast on that day,A,"The correct statement is that location a is at the North Pole, and location b is at the South Pole.",A,"La réponse correcte est : **L'arc abcd est une latitude nord-ouest, et la lumière du soleil au point a (ouverture du ciel) est à l'extrémité de l'arc.**",0,0,0.1,0.0
70,"If the rotational speed of location a is approximately half that of the equator, local time is 2 hours ahead of Greenwich Mean Time, and ∠aoc = 130°, then the possible geographic coordinates of the following locations are ()",B,"c (160°E, 60°S)",A,The possible geographic coordinates are approximately 130° south and 2 hours east of the equator.,D,"La position possible est (38°N, 13°E).",0,0,0.0,0.0
71,Which statement about the changes in temperature and humidity is correct?,B,Humidity decreases as temperature rises,C,"La réponse correcte est : ""Les températures et les humidités ont changé avec l'altitude.""",C,"La température moyenne devrait croître et la pluviométrie moyenne baisser, avec des variations saisonnières plus rapides en été.",0,0,0.0,0.0
72,Which of the following cities could this location be?,B,Ulaanbaatar,A,This location could be the city of Paris.,A,La réponse est **Clermont-Ferrand**.,0,0,0.0,0.0
73,What were the weather conditions at this location on that day?,A,No precipitation throughout the day,A,La température et le vent étaient définis pour ce jour.,A,La température était de 20°C.,1,1,0.0,0.0
74,What are the main locational advantages of Taikang that attracted Nantong's textile industry?,C,"Abundant, high-quality, and affordable labor force",A,La main attrait la textile industrie de Nantong en raison de ses locaux et son environnement.,A,"La main de pied de Taikang a attiré l'industrie textile en raison de son accès aux ressources minérales et à la richesse énergétique, ainsi que de sa proximité avec des grandes industries et sociétés.",0,0,0.0,0.0
75,"Compared to individual, dispersed relocations, the main advantages of cluster relocation for textile and clothing companies are:",B,Better collaborative conditions,B,The main advantages of cluster relocation for textile and clothing companies include cost-effectiveness and efficiency.,B,"Les principaux avantages de la relocation collective sont l'optimisation de la production, l'augmentation des opportunités, et la réduction des déchets non réutilisés.",1,1,0.0,0.0
76,The impact of the cluster relocation of textile and clothing companies on Nantong is primarily...,D,It causes some unemployment in the short term.,A,The impact of the cluster relocation of textile and clothing companies on Nantong is primarily economic.,A,La réponse est : **le développement économique et l'impact environnemental.**,0,0,0.0,0.0
77,"From 1989 to 2010, the region ( )",B,A large amount of saline-alkali land was converted into agricultural land.,A,La région ( **en France** ) a été intégrée au Commonwealth en 1989 et en 2010.,A,La réponse est : *La région Corse (1989-2010) a été intégrée dans le Grand Est.*,0,0,0.0,0.0
78,This area may be located in ( ),C,Southern Junggar Basin,A,This area may be located in the region.,A,Cette aire peut être située au nord de la province d'Alsace (Basse-Alsace).,0,0,0.0,0.0
79,What are the climate conditions near A and B?,B,"A is deeply influenced by ocean currents and mountains, resulting in a narrow north-south climate zone.",A,Les conditions climatiques près de A et B varient selon leur location géographique.,D,"Les climats à proximité d'A et B sont : A est un climat tropical chaud et très sec, et B est un climat continental.",0,0,0.0,0.0
80,"If the ocean currents along the coasts of A and B flow in roughly the same direction, which of the following phenomena is plausible? ()",D,Days are shorter and nights are longer in the Northern Hemisphere.,D,"If the ocean currents along the coasts of A and B flow in roughly the same direction, it is likely that the coastal regions will experience similar weather patterns, such as consistent temperature and",D,"La réponse est : **Les archées seraient particulièrement nombreuses dans les océans, et celles faisant partie du plancton constitueraient l'un des groupes d'organismes les pluvieux.**",1,1,0.1081081081081081,0.0
81,The ground level N′ corresponding to N is compared to the ground level M′ corresponding to M.,D,Less sunlight,A,La surface N est comparée à la surface M.,D,"La réponse est : ""Le niveau de terrain N correspondant à N est comparé au niveau de terrain M correspondant à M.""",0,1,0.0,0.0
82,Which description of locations M' and N' is correct?,C,M' has the lowest summer temperatures in my country.,A,La description correcte est que M' et N' sont des villes situées dans le sud de la France.,A,"La description correcte est : ""M' est un lieu où l'on va, et N' est un lieu de dépossession.""",0,0,0.09523809523809525,0.09090909090909091
83,The correct order of cities ①②③ from largest to smallest is (　　),A,①②③,D,La bonne ordre est ① – ② – ③.,A,"La bonne ordre des villes est : ②Punta Arenas, ①Edmonton, ③Calgary.",0,1,0.0,0.0
84,The main factor affecting the distribution characteristics of cities in the northern region may be (　　),B,Topography and rivers,A,La main factor affecting the distribution characteristics of cities in the northern region may be the climate.,A,La main factor affecting the distribution characteristics of cities in the northern region may be the lack of a central urban center.,0,0,0.0,0.0
85,What are the meanings of ① and ② in the figure?,A,"Fly ash, new building materials plant",A,"La phrase réponse courte serait : ""Les significations de ① et ② dans la figure sont : ① ... et ② ..."".",A,"Les deux figures, Aker et Tiyi, représentent le soleil et le trône, illustrant la relation entre la lumière et la pouvoir.",1,1,0.0,0.0
86,The park's outstanding advantages in developing solar panel plants are:,B,Proximity to markets,D,"The park's outstanding advantages in developing solar panel plants include its location, resources, and environmental benefits.",D,"Le parc naturel régional de la forêt d'Orient offre des avantages comme un risque sanitaire, un allumage instantané, une qualité et quantité de lumière identique, et un rendement lumineux supérieur.",0,0,0.0,0.0
87,"This park adopts this development model, which principle of sustainable development is embodied?",B,Sustainability,B,La principale leçon de développement durable adoptée par ce parc est la **sécurité environnementale**.,B,La principale leçon du contexte est que le développement agricole durables repose sur l'application des principes du développement durable.,1,1,0.0,0.0
88,"If the contour intervals in the four images are all 50 meters, and the scales are 1:10,000, 1:20,000, 1:30,000, and 1:40,000, respectively, then the order of their slopes from largest to smallest is ( )",B,① > ② > ③ > ④,C,"The order of their slopes from largest to smallest is 1:40,000, 1:30,000, 1:20,000, and 1:10,000.",D,"La pente des contours est donc : 1:40,000, 1:30,000, 1:20,000, et 1:10,000. De plus, les pente est plus grande lorsque la distance est plus petite. Ainsi, les pentes duques de croissance du contour so",0,0,0.0,0.0
89,The latitude of the location is:,D,75°N,A,La latitude de la location est : **latitude**.,A,La latitude de la location est de 35°N.,0,0,0.0,0.0
90,"Which statement about dates ①, ②, ③, and ④ in the graph is correct?",C,Date ③ indicates the sun's direct sunlight in the Northern Hemisphere and its movement southward.,A,"La réponse correcte est : **Date ① correspond à la date de publication du livre, Date ② à l'époque de la rédaction, Date ③ à l'année de publication, et Date ④ à l'année de publication du livre.**",D,"La réponse correcte est : ①, ② et ③ sont corrects, ④ est incorrect.",0,0,0.1,0.08
91,"When the diurnal variation of the solar altitude at that location is less than 0 degrees, which of the following statements is correct?",B,This condition lasts for approximately two months.,A,"La diurne variation du point d'observation est inférieure à 0°, ce qui signifie que le point d'observation est au point de l'horizon.",A,"La réponse correcte est : **l'île reçoit peu de précipitations par an, ce qui est très peu par rapport au reste des Antilles et la végétation n'y est pas très développée.**",0,0,0.0,0.0
92,The information in the graph indicates (　　),D,Reservoir inflows are less than outflows in winter and spring.,C,La réponse est : *Le graphique indique des informations sur les données spatiales.*,A,La réponse est : *Le graphique indique l'indicatif de la préservation d'indication géographique (IGP).*,0,0,0.0,0.0
93,The reasonable explanation for the reservoir's lowest water level in May is (　　),B,Releasing reservoir capacity for flood control,D,La réponse est : Le niveau de'eau réduit en mai est due à des changements climatiques.,A,La raison du niveau le plus bas des réserves en mai est due à la montée des précipitations.,0,0,0.0,0.0
94,The reservoir may be located in (　　),B,Northern Anhui Province,A,The reservoir may be located in the region where it is situated.,A,La réponse est : Le réservoir peut être situé dans le Hedjaz et l'Asir.,0,0,0.0,0.0
95,"Location A cultivates this variety of date trees based on local conditions, primarily because of its...",A,Drought tolerance,A,"La réponse à la question est : ""Local conditions""",D,"Location A cultivates this variety of date trees based on local conditions, primarily because of its adaptability and suitability for the region's climate and soil.",1,0,0.0,0.0
96,What natural disaster poses the greatest threat to the growth of date trees in Location A?,D,Frost damage,A,La pluvième catastrophe naturelle menace le développement des tree dates dans la région A.,A,La pluie intense poses la principale menace pour le développement des tree date.,0,0,0.0,0.0
97,The high quality of jujubes in Location A is primarily due to the location's...,A,Strong sunlight and large diurnal temperature ranges,D,The high quality of jujubes in Location A is primarily due to the location's climate and soil.,A,The high quality of jujubes in Location A is primarily due to the location's commitment to sustainable practices and renewable energy development.,0,1,0.1,0.08
98,The wind frequency map for this city should be,B,②,A,La fréquence du vent pour cette ville devrait être représentée sur un diagramme.,A,"La réponse à la question est : **""Une carte de fréquence du vent pour la ville de Villenave-d'Ornon""**.",0,0,0.0,0.0
99,Which is the least suitable location in Land R?,A,Chemical plant,A,La moins appropriée est la région de la Côte d'Ivoire.,A,Le quart vide (« Quart Vide ») est un désert s'étendant dans le sud du pays.,1,1,0.0,0.0
100,The dominant factor influencing the layout of the city's commercial areas is...,A,Market,D,La réponse est : **l'urbanisation**.,A,La réponse est : **la composition urbaine**.,0,1,0.0,0.0
101,"A, B, and C represent different landscapes.",A,"Rainforest, evergreen sclerophyll forest, desert, or semi-desert.",D,"A, B, et C représentent des différents types de paysages.",D,"A représente les vallées encaissées, B la Dordogne, et C les cascades de Gimel.",0,0,0.0,0.0
102,"Among the natural zones in the foothills shown, which factor primarily causes Zone C to span the widest latitude?",C,Ocean currents,A,La factor principal qui cause Zone C à se rétrécir à l'azimut est la montagne.,A,La réponse est : **la latitude sud**.,0,0,0.0,0.0
103,Which statement about this location is correct? ( ),B,Possibly a tropical desert landscape,D,La réponse correcte est : **Ce lieu est un point d'interprétation géographique.**,D,"La réponse correcte est : ""La région est structurée par sa métropole, Clermont-Ferrand, et sa histoire.""",0,0,0.0,0.0
104,"In the illustrated area, ( )",C,Drilling at Location C may reveal metamorphic rocks.,D,La zone illustrée montre des paysages urbains et rurales.,A,Réponse : L'illustré area est un exemple de zones géopolitiques maritimes.,0,0,0.0,0.0
105,"If point P does not exist on June 22, the possible degrees of latitude line a are:",D,66.5°-90°,C,"If point P does not exist on June 22, then the possible degrees of latitude line a is **0°**.",C,"La réponse serait : ""a est une ligne de latitude qui ne correspond pas à l'existence du point P.""",0,0,0.0,0.0
106,"When point P is located at a mid- to high-latitude in the Southern Hemisphere, what are the possible months and times?",B,"June, 8:20 AM",D,"When point P is located at a mid- to high-latitude in the Southern Hemisphere, it experiences seasons that occur in the same months and times as the Northern Hemisphere.",D,"Le point P, situé à une latitude moyenne dans l'hémisphère sud, pourrait être à l'automne et au printemps.",0,0,0.0,0.0
107,"If the angle between the morning line at point P and the latitude a reaches its maximum in the year, which of the following phenomena is likely to occur?",D,The polar night in Antarctica is at its greatest extent.,A,La latitude a maximum d’angle entre la ligne de la manhã et le point P.,A,La réponse est : **Une température douce et une pluviométrie abondante**.,0,0,0.0,0.0
108,The external force shown in the diagram is,D,Wind,A,La force externe montrée dans le diagramme est la force gravitationnelle.,D,Le force externe shown in the diagram est le vent.,0,1,0.0,0.0
109,Both mild and severe erosion are prominent in Xinjiang because,D,The natural environment has significant north-south differences,A,Les érosions légères et sévères en Xinjiang sont importantes en raison de l'agriculture et du climat.,A,"Les deux types d'ergot (mild et sévère) sont présents dans Xinjiang, ce qui explique son relief.",0,0,0.0,0.0
110,The geological process that formed the structural landforms in the image is...,A,Fault uplift,A,Le processus géologique qui a formé les structures du paysage est le **formation du relief**.,A,Le processus géologique qui a formé les structures structurales est le schisme tectonique.,1,1,0.0,0.0
111,What scenery can be seen from the mountain's summit for tourists to enjoy?,B,"When I open the door in the morning, I see the mountain covered in snow. When the snow clears, the clouds are light and the sun is cold.",A,"From the mountain's summit, tourists can enjoy panoramic scenery.",A,La scène à l'orée du Mont Saint-Rigaud est dominée par la forêt domine le paysage où cohabitent des essences de résineux.,0,0,0.0,0.0
112,The numbers in the figure represent topographic locations. Which of the following options matches the order of the topographic locations?,C,① Basin ② Ridge ③ Saddle ④ Peak,A,La réponse est : **les points en forme de croissant correspondent aux positions topographiques.**,A,"La réponse est : **Quérigut, Saint-Lary, Lézat-sur-Lèze, L'Hospitalet-prés-l'Andorre**.",0,0,0.0,0.0
113,Which of the dotted lines in the four maps above could possibly develop into rivers?,C,①③,A,The dotted line in the map that connects the highest elevation points is likely to develop into a river.,A,"La ligne dédiée aux alluvions fluviatiles quaternaires (Beuvron, Cher, Cosson, Indre, Sauldre) pourrait devenir un cours d'eau.",0,0,0.0,0.0
114,"Based on the map, which of the following statements is correct?",D,"Terrain area D is the source of many major rivers, such as the Yangtze River, Lancang River, and Indus River.",D,"La réponse correcte est : **""La carte montre les zones climatiques principales.""**",A,"Based on the map, the correct statement is that the islands are located in the Indian Ocean.",1,0,0.0,0.0
115,Areas controlled by the western Pacific subtropical high ridge from July to August,B,Hot and dry,A,Le système de haute latitude occidentale de l'océan Pacifique (Sud-ouest) contrôle les zones du sud-ouest de l'océan Pacifique.,B,"La chaîne du mont Seorak, très proche de la côte Est, fait barrage aux entrées maritimes depuis la mer du Japon et produit des hivers secs et froids sur le versant Ouest.",0,1,0.0,0.0
116,"In July and August 1989, what were the precipitation conditions in North my country and the Yangtze River Basin?",B,"Less precipitation in North China, more precipitation in the Yangtze River Basin.",D,"In July and August 1989, the precipitation conditions in North My Country and the Yangtze River Basin were characterized by heavy rainfall.",D,"Les conditions en juillet et août 1989 dans le pays et le cours du fleuve Yangtze étaient modérées, avec des précipitations normales.",0,0,0.4666666666666667,0.07142857142857142
117,"Before the 19th century, which period best reflects the severe vegetation degradation in the middle reaches of the Yellow River?",B,600-1100 AD,A,La période avant la 19e siècle reflète le déséquilibre des écosystèmes dans les bassins méditerranéens.,D,La période avant le 19ᵉ siècle qui reflète la degradation severe des forêts dans les régions du Yèdre est la période de l'âge glaciaire.,0,0,0.0,0.0
118,"Which of the following statements about the relationship between climate change, human activity, and sedimentation rate is correct?",B,The increased fluctuation in sedimentation rate in the lower reaches of the river is primarily a result of human activity.,D,La réponse correcte est : La variation de la température humaine influence directement la vitesse de sedimentation.,A,"La réponse correcte est : La relation entre le changement climatique, les activités humaines et la variation de la concentration des déchets s'exprime par une augmentation des températures, une baisse",0,0,0.08,0.0
119,"From the diagram, we can see that this region...",C,Inconsistent industrial and employment structure,D,"From the diagram, we can see that this region is a coastal area.",D,"Cette région est située au nord-est de la France, au cœur de la littérature et de l'histoire.",0,0,0.0,0.0
120,What measures should be taken to promote economic development in this region?,A,Adjust the industrial structure and develop the secondary and tertiary industries,A,"To promote economic development, measures such as infrastructure investment and innovation support are essential.",A,"Les promesses à prendre en compte pour promouvoir l'économie dans ce région incluent la mise en place d'un système d'aide à la décision efficace, l'optimisation des ressources naturelles et financière",1,1,0.09090909090909093,0.0
121,What is the common characteristic of agricultural production development in regions ③ and ④?,B,High level of mechanization,A,The common characteristic is that both regions rely on agriculture for food and economic stability.,A,"La production traditionnelle se développe en harmonie avec les climats adaptés et les ressources disponibles, ce qui est un facteur clé.",0,0,0.0,0.0
122,"Based on the diagram, which of the following statements is correct?",D,The terrain between points a and b in the diagram is less undulating than that between points b and d.,A,La réponse correcte est : **La carte montre une croissance rapide dans les zones urbaines.**,D,Réponse : La carte montre que le climat est hivernal à l’Est et intérieur.,0,1,0.0,0.0
123,"If the terminator passes through points C and D, and the local time at point D is 6:20, which of the following statements is correct?",D,The Cape of Good Hope coast is experiencing peak tourist season.,A,"La réponse correcte est : ""Le point C et D sont sur la limite de la saison.""",A,"Si le terminator passe par les points C et D et le temps à D est 6:20, la réponse correcte est : **le temps à C est 5:40**.",0,0,0.0,0.0
124,Which statement about place A is correct?,D,"Cold winters and hot summers, with both rain and heat occurring simultaneously.",D,Place A est un exemple de terrain de sport.,A,"La réponse correcte est : ""Il sert aussi dans l'opposition entre les compléments de lieu locatifs et directifs après les prépositions « mixtes » pour exprimer une position (an, auf, hinter, in, neben,",1,0,0.0,0.0
125,Which statement about place B is correct?,D,This type of climate can occur in both the southern and northern ends of Africa.,A,Place B is a coastal region known for its natural beauty and biodiversity.,A,"La réponse correcte est : **« Il sert aussi dans l'opposition entre les compléments de lieu locatifs et directifs après les prépositions « mixtes » pour exprimer une position (an, auf, hinter, in, neb",0,0,0.08,0.043478260869565216
126,What are the climate types of places A and B?,A,"Temperate monsoon climate, Mediterranean climate",A,La réponse courte est : **A et B ont des climats variés**.,A,La réponse est : les climats des places A et B sont qualifiés de « climat océanique » et « climat continental ».,1,1,0.0,0.0
127,The main factor affecting the distribution of railways and cities in Canada is,B,Climate,A,Le principal facteur influençant la distribution des railways et des villes en Canada est l'habitat géographique.,D,La main responsable de la distribution des railways et des cities en Canada est l'industrie pétrolière et gazière.,0,0,0.0,0.0
128,Similar to the distribution of railways and cities in Canada are: ① Vegetation coverage ② Soil type ③ Water source distribution ④ Agricultural areas ⑤ Industrial areas ⑥ Population distribution,B,④⑤⑥,D,"Réponse : Les zones similaires à la distribution des railways et des cities en Canada sont : ① Vegetation coverage, ② Soil type, ③ Water source distribution, ④ Agricultural areas, ⑤ Industrial areas, ",A,"Réponse : ③ Water source distribution, ② Soil type, ⑤ Industrial areas, ⑥ Population distribution.",0,0,0.0,0.0
129,Which of the three regions' agricultural types is correct?,C,Region ③ is large-scale pasture grazing,D,"La réponse est : ""Le type d'agriculture des trois régions est correct.""",D,La réponse correcte est la plaine d'Ariège.,0,0,0.0,0.0
130,Which of the following statements is correct?,D,Building high-quality artificial pastures is a reasonable measure to increase the land carrying capacity of Region ③.,D,"La réponse correcte est : **""Les équations de la dynamique géographique incluent les forces de gravité et l'effet de la surface.""**",D,Le décès d'Émile Durkheim a été évoqué dans le contexte pour démontrer l'importance de la sociologie dans la recherche.,1,1,0.0,0.0
131,"If L1 and L2 are both located in the Northern Hemisphere, and H = 80°, then ()",B,The latitude of latitude L1 ranges from 20°N to 33.5°N.,A,"L1 et L2 sont situés dans le Nord, avec H = 80°.",A,"Si L1 et L2 sont tous dans l'hémisphère nord, et H = 80°, alors les points cardinaux de ces deux lieux seront respectivement à l'ouest et à l'est.",0,0,0.10526315789473685,0.058823529411764705
132,"In 1960, my country's population growth experienced significant changes. Which of the following statements is correct?",D,"The birth rate declined significantly, the death rate increased significantly, and negative growth occurred.",D,"In 1960, the population growth in my country underwent significant changes, which was primarily due to factors such as economic development and technological advancements.",D,"La réponse correcte est : ""En 1960, la population a augmenté significativement.""",1,1,0.11764705882352942,0.0
133,Which statement about the characteristics of my country's population reproduction from 1970 to 2000 is correct?,C,The birth rate decreased overall.,A,La population a augmenté de 10% entre 1970 et 2000.,A,"La population est en phase de croissance continue, avec une densité croissante et un mouvement vers le sud, en réponse aux influences des régimes coloniaux et à l'expansion des secteurs économiques.",0,0,0.0,0.0
134,"Regarding the impact of transportation conditions on a city's spatial form, which statement is correct? () ① Urban spatial form expands along transportation arteries, which become the main axes of settlement development. ② Changes in a region's main transportation lines will not cause changes in the region's spatial form. ③ The development of transportation lines has little impact on urban form. ④ The decline of transportation lines will affect the evolution of urban spatial form.",D,①④,D,"Réponse : ① Urban spatial form expands along transportation arteries, which become the main axes of settlement development.",D,"Réponse : ① Urban spatial form expands along transportation arteries, which become the main axes of settlement development.",1,1,0.0,0.0
135,"Cities along the canal enjoyed prosperous commerce and trade in the early years, but later their development slowed significantly. The reason for this was ()",C,The emergence of maritime and rail transportation,A,The reason for the slowdown was the decline in population and economic factors over time.,A,La raison pour laquelle les villes sur le canal ont eu un développement économique soudain cesse à l'âge.,0,0,0.11764705882352942,0.0
136,Which of the following statements about the distribution of cities (towns) in the map and the main reasons for this distribution is correct?,D,Towns in Figure B are primarily distributed in river valleys because river valleys have abundant heat.,A,"La réponse correcte est : ""Les villes et les towns sont distribuées principalement par les zones rurales et urbaines, en raison des besoins en services et de la croissance démographique.""",A,"La réponse correcte est : **Les communes sont distribuées en raison de leur position géographique, de leur proximité avec des villes ou des tribus, et de la disponibilité d'eau technologique**.",0,0,0.05405405405405406,0.0
137,What is the correct sequence of processes for the formation of this landscape?,A,Sedimentation - Uplift - Seawater Erosion,A,"La séquence correcte est la succession des processus de formation, comme la sécheresse, l'humidité, l'humidité, et l'humidité.",A,La séquence des processus pour la formation de ce relief est : Paléozoïque → Quaternaire → Mésozoïque → Cénozoïque.,1,1,0.0,0.0
138,Which statement about the province in which this town is located is correct?,B,The terrain of this province is generally high in the south and low in the north.,D,La province où cette ville est située est correcte.,A,La province dans laquelle cette ville est située est l'Alberta.,0,0,0.1,0.09523809523809525
139,"The correct planning for locations ①, ②, and ③ in the map is ()",C,① Higher education park ② Cement factory ③ Garment factory,A,"La réponse courte est : **""Les locations ①, ② et ③ doivent être planifiées de manière adaptée aux besoins spécifiques.""**",D,La réponse est : **La construction de l'archéologie in situ et l'organisation spatiale structurée**.,0,0,0.23076923076923075,0.0
140,"As an ecological city plan, which functional areas ①, ②, ③, and ④ correspond to (　　)?",C,"Green space, industrial area, residential area, commercial area",D,"As an ecological city plan, functional areas ①, ②, ③, and ④ correspond to (　　).",D,"As an ecological city plan, the functional areas ①, ②, ③, and ④ correspond to the use of natural resources, local supply, and sustainable development.",0,0,0.0,0.0
141,Which statement about the evaluation of this city's functional zone is correct? (　　),D,The layout of ④'s functional zone follows the principles of market optimization and transportation optimization.,D,La réponse correcte est : **La fonctionnelleité de la zone est valorisée par des critères comme la qualité de l'air et le niveau de développement urbain.**,D,La zone résidentielle urbaine de Bruxelles comprend 36 communes.,1,1,0.06896551724137931,0.1
142,"The three stages A, B, and C in the diagram are (　　)",C,"Overland flow, infiltration, and subsurface flow",D,"Les trois étapes A, B et C sont les étapes de la croissance de la population.",D,"The three stages A, B, and C in the diagram are the Minoen ancien, Minoen moyen, and Minoen récent, respectively.",0,0,0.0,0.09523809523809522
143,"When the amount of precipitation is the same, which of the following factors realistically influences the different stages of the runoff process? (　　)",B,Dense vegetation cover leads to high water interception,B,La réponse est : **L'amount of precipitation est le facteur principal qui influence différents étapes de la processus de la couverture sur la pénurie d'eau.**,B,La plus grande influence réaliste est la présence de la flore et de la proximité de la mer.,1,1,0.0,0.0
144,"""Dianchi Lake's dirty water"" is related to its long water renewal cycle. The main reasons for Dianchi Lake's long water renewal cycle are: ① Its small drainage area and lack of inflow from major rivers; ② It is a semi-enclosed lake with evaporation exceeding precipitation; ③ It is located in a monsoon climate zone with significant seasonal variations in runoff; ④ The lake has a large water capacity and low inflow and outflow.",C,①②④,A,"Dianchi Lake's long water renewal cycle is due to its small drainage area, lack of major river inflow, seasonal runoff variations, and a semi-enclosed environment with high evaporation.",A,"La réponse est : ""Dianchi Lake's dirty water"" est liée à son cycle de rechauffement long, principalement par les conditions climatiques et les débits naturels.",0,0,0.0,0.0
145,"In order to alleviate the problems of ""Kunming has little water, and Dianchi Lake has dirty water,"" in addition to launching inter-basin water transfer projects, which of the following supporting measures is incorrect?",D,Further improving water resource development in the Dianchi Lake basin to meet the needs of urban development.,A,The incorrect supporting measure is building a dam to prevent floods.,D,La réponse incorrecte est **la construction de l'infrastructure**.,0,1,0.08695652173913045,0.0
146,Which statement about my country's population growth from 1964 to 2000 is correct?,C,The population aged 15-64 saw the largest increase.,A,La population de votre pays a augmenté de plus de 50 % entre 1964 et 2000.,D,"La croissance de la population entre 1964 et 2000 a été de 12,3 millions.",0,0,0.125,0.13333333333333333
147,"Entering the year 2000, the main demographic issue facing my country is (　　)",C,A large number of young and middle-aged people and significant employment pressure,A,La main demographic issue en 2000 était la population.,A,La main demographic issue en 2000 est la baisse des habitants.,0,0,0.0,0.0
148,Which statement about the relationship between wetlands and aridity in this watershed is correct?,C,The percentage of swamp wetlands is most strongly correlated with aridity.,A,"La relation entre l'humidité et l'aridity dans ce cours est que les zones humides sont souvent plus propices à la vie, tandis que les zones arides ont une faible occurrence des écosystèmes.",A,"La réponse correcte est : **La production traditionnelle se limite à des zones arables rares, ce qui montre une relation avec l'aridity.**",0,0,0.0,0.0
149,The dryness in the lower Yellow River basin is primarily between 1.5 and 3. Which statement about the lower Yellow River wetlands is correct?,A,Wetland size depends primarily on upstream water inflow.,D,"The dryness in the lower Yellow River basin is primarily between 1.5 and 3, which supports the statement about the wetlands' seasonal flooding.",D,La plus grande partie du Bangladesh est à moins de 10 % du territoire sous la mer et environ 80 % des précipitations tombent pendant la mousson.,0,0,0.07692307692307691,0.0
150,"What are the possible ""identities"" of a meteorological disaster?",B,Cold wave and sandstorm,A,"Les identités possibles d'un désastre météorologique incluent la nature du météo, l'origine géographique et les conditions climatiques.",A,"La péninsule présente des caractéristiques géologiques et climatiques, ce qui la rend susceptible d'existence d'identités météorologiques et climatiques.",0,0,0.0,0.0
151,Location A was minimally affected by this meteorological disaster. The main reason is:,A,Basin-like terrain,A,"La main d'oeuvre a été minimally affectée par ce météorologique, et la principale raison est la déshydratation.",A,La main de pied de ce type de climat est la flore et la proximité de la mer.,1,1,0.0,0.0
152,"If this chart shows the changes in the three major industrial structures of a certain province (city) in my country: a represents the primary industry, b represents the secondary industry, and c represents the tertiary industry. Based on what you've learned and an analysis of the economic development of various regions, which province (or city) best fits this structure?",C,Hainan,A,"Based on economic development, the province or city with a balanced mix of primary, secondary, and tertiary industries is the best fit.",A,"La Charente-Maritime, en tant que province avec une forte présence dans le secteur tertiaire (3/4 des emplois), est la meilleure réponse à cette question.",0,0,0.0,0.0
153,"In recent years, Chongqing has implemented a number of measures, significantly improving its environmental quality. In 2010, it was selected as one of the ""Happiest Cities in China."" If the chart shows the ""Changes in Pollutant Emissions in Chongqing's Main Urban Area,"" a represents inhalable particulate matter, b represents nitrogen oxides, and c represents sulfur dioxide. Read the chart and analyze it based on your knowledge. Possible reasons for the changes in pollutant ratios in the chart in",D,①②③⑤,D,Réponse : ① ② ③ ⑤,D,"La réponse est : ① Adjustment of energy structure, ③ Increased urban forest coverage, ⑤ Relocation of heavy industry out of the main urban area.",1,1,0.0,0.0
154,"Yulin City's advantages in becoming a national-level energy and chemical base include: ① Abundant coal, gas, and salt resources ② Convenient water and land transportation ③ Broad market ④ Strong scientific and technological capabilities ⑤ National policy support.",C,①③⑤,D,"Yulin City's advantages include abundant coal, gas, and salt resources, convenient transportation, broad market, strong scientific capabilities, and national policy support.",A,"Yulin City's advantages in becoming a national-level energy and chemical base include: ① Abundant coal, gas, and salt resources, ② Convenient water and land transportation, ③ Broad market, ④ Strong sc",0,0,0.0,0.0
155,The impact of Yulin City's development of heavy industry on the local geographical environment may include: ① changing the landform and slowing soil erosion; ② exacerbating air pollution and increasing smog; ③ increasing energy output and alleviating poverty; ④ improving infrastructure and promoting urban development.,D,②④,D,"The impact of Yulin City's heavy industry development includes ①, ②, and ④.",D,Réponse : ② exacerbating air pollution and increasing smog.,1,1,0.0,0.0
156,Which description of the relative positions of the four plateaus is correct?,D,D is southwest of A.,A,La description correcte est : les fourches sont alignées sur une base géographique.,A,"La réponse correcte est : ""Les quatre plateaux sont organisés en une colonne verticale, avec le nord au centre et les autres en direction sud.""",0,0,0.0,0.0
157,"Among the four locations A, B, C, and D:",D,Location D has the highest linear velocity of rotation.,D,"Réponse : A, B, C et D sont des villes situées dans différents pays.",A,Réponse : C'est la Bourgogne.,1,0,0.10526315789473685,0.0
158,"All four plateaus are ecologically fragile, but the reasons for their fragility vary:",A,"Plateau A is at a high altitude, suffers from insufficient heat, has a thin soil layer, and has sparse vegetation.",A,"Les quatre plateaux sont fragiles écologiquement, mais les raisons varient.",D,"Les fouraines sont ecologiquement fragiles, mais les raisons varient selon leur position géographique.",1,0,0.0,0.0
159,"Based on the information in the figure, make your judgment.",B,Location A has a greater diurnal temperature range than Location B.,D,La figure indique que la région est caractérisée par un climat tempéré.,D,Réponse : La figure montre que les valeurs recommandées sont fondées sur la tradition et l'usage du morse.,0,0,0.0,0.0
160,The main factor affecting the northward curvature of the contour line at location B is...,A,Topography,A,La principale factorielle influence la courbure du contour à B est la latitude.,A,La main factor affecting the northward curvature of the contour line at location B is the presence of a river valley.,1,1,0.0,0.0
161,The environmental problem that threatens the survival and economic development of the islands in Figure 4 is ( ),D,The greenhouse effect,B,The environmental problem threatening the survival and economic development of the islands in Figure 4 is rising sea levels and climate change.,D,"The environmental problem that threatens the survival and economic development of the islands is the degradation of their natural resources, including deforestation and biodiversity loss.",0,1,0.0,0.0
162,The issue reflected in Figure 4 reflects the principle of sustainable development.,C,Commonality principle,B,The issue reflected in Figure 4 highlights the principle of sustainable development.,B,"La réponse est : ""La principale issue reflétée dans le graphique 4 est la mise en œuvre de pratiques durables pour limiter l'effet de serre.""",0,0,0.16666666666666669,0.0
163,Which statement about Beijing's population is correct?,D,A large number of people have migrated since 1990.,A,Beijing's population is approximately 20 million.,A,La réponse correcte est : **Beijing est la plus grande ville du monde**.,0,0,0.0,0.0
164,"Based on the chart, it can be inferred that the suburb...",C,The gender ratio is unbalanced.,A,It can be inferred that the suburb has a high population density.,A,"La suburb est décrite comme calva dorsa ou calva dossa, reflétant une tenue rigoureuse et une approche militaire.",0,0,0.0,0.0
165,"If the research vessel arrives at Point P at sunrise, and sunrise has already occurred at Point M, what is the correct order of day length at the following locations, from longest to shortest?",D,"Cape Town, Sydney, Singapore, New York",D,"From longest to shortest, the order is Point P, Point M, and Point N.",A,"La réponse est : **du plus long au plus court : Point P, Point M, Point N**.",1,0,0.0,0.0
166,What are the directions and properties of the ocean currents at point M?,D,"Clockwise, cold current",A,Les directions et les propriétés des courants océaniques à point M dépendent de sa position géographique.,A,"La direction et les propriétés des currents de l'océan Atlantique à point M sont marquées par des courants chauds et froids, répartis à l'échelle du continent.",0,0,0.0,0.0
167,"When the pole shadow at point N is reduced to a dot, at point M...",B,Sunrise is southeast.,A,La silhouette du point M devient un point noir.,A,"When the pole shadow at point N is reduced to a dot, at point M, it indicates the presence of a particle with a mass that was previously undetected.",0,0,0.0,0.0
168,The southeastern edge of Qinghai Province experiences heavy rainfall. The main source of moisture is (　　),D,Indian Ocean,A,The main source of moisture is the Tibetan Plateau.,C,La main source de la pluviométrie est l'air venant de l'Atlantique.,0,0,0.0,0.0
169,"Based on the annual average temperature distribution, Qinghai Province is divided into three temperature zones: I, II, and III. Comparison of the three regions' average annual temperatures (　　)",C,"Ⅰ < Ⅱ, Ⅱ > Ⅲ",A,"The average annual temperatures in Qinghai Province are divided into three temperature zones: I, II, and III.",D,"La température moyenne de Qinghai Province est divisée en trois zones, avec des variations selon la zone géographique.",0,0,0.0,0.0
170,Jiangsu's population from 2001 to 2007,A,Increased in-migration,A,La population du Jiangsu (Chine) a augmenté de 1.28 millions à 1.45 millions entre 2001 et 2007.,A,La population du Jiangsu est estimée à 20 505 155 habitants en 2007.,1,1,0.0,0.0
171,The main reason for the variation in Jiangsu's total population growth shown in the chart is regional differences.,C,Economic development differences,A,The main reason for the variation in Jiangsu's total population growth is regional differences.,A,La main raison pour la variation dans la population de Jiangsu est les différences régionales.,0,0,0.14285714285714288,0.0
172,"Among the following factors influencing enterprise migration, which policy factor is ① Urban renewal ② Scale expansion ③ Location preference ④ Environmental management?",D,①④,D,"La réponse est : **① Urban renewal, ② Scale expansion, ③ Location preference, et ④ Environmental management**.",D,"La réponse est : ① Urban renewal, ④ Environmental management.",1,1,0.0,0.0
173,"Shanghai's economic development is strong. It is reported that in 2011, Shanghai had already attracted over 900 multinational corporate headquarters. The main reason for headquarters locating in Shanghai is...",C,Market development,B,The main reason for headquarters locating in Shanghai is its economic development and strong growth.,B,"La main d'oeuvre du Shanghai est forte, car elle a été classée à la première position mondiale du Happy Planet Index et a bénéficié de politiques de développement renouvelables.",0,0,0.13333333333333336,0.0
174,"To adapt its technology and products to the Chinese environment, a US company relocated its R&D department to China, while retaining its headquarters and production facilities. This company is most likely to produce",C,Software,C,This company is most likely to produce high-quality products tailored to the Chinese market.,A,"This company is most likely to produce high-quality agricultural products, given its focus on China's agricultural needs and its reliance on local resources.",1,0,0.0,0.0
175,"If location A is directly south of location B, the area shown in the figure could be located at:",B,Near 30° South Latitude,A,"If location A is directly south of location B, the area shown in the figure could be located in the southern part of the region.",A,"La commune pourrait être située au sud-ouest de la région Grand Est, dans l'Utah aux États-Unis, à travers les montagnes et les vallées.",0,0,0.08695652173913043,0.0
176,"If hillside vegetation is excessively cut down, what is the most likely outcome?",A,Increased seasonal variation in river runoff,A,"L'habitat des plantes du sol pourrait être dégradé, entraînant des risques écologiques comme l'extinction des espèces.",D,"L'excès de déforestation peut entraîner la perte des ressources naturelles, la fragmentation des forêts, et l'altération des environnements.",1,0,0.0,0.0
177,This province is most likely...,A,Jiangsu,A,This province is most likely a region in Central Africa.,D,Cette province est probablement associée à l'histoire des peuples vassaux des Arvernes sous l'Antiquité.,1,0,0.0,0.0
178,"During the period from 1990 to 2010, this province experienced a significant increase in mortality rates.",D,"The population increased, but the annual growth rate decreased.",A,"During the period from 1990 to 2010, the province saw a significant increase in mortality rates.",A,"During the period from 1990 to 2010, this province experienced a significant increase in mortality rates.",0,0,0.0,0.0
179,Which of the following statements is consistent with the figure?,D,This river section is most likely located downstream.,D,La réponse est : **La figure montre une montagne élevée et une vallée profonde.**,D,"La figure représente un hippopot, un lion et un crocodile.",1,1,0.0,0.0
180,Which of the following is the correct answer regarding the location of this river?,B,Hefei,A,La bonne réponse est la localisation spécifique de la rivière.,D,"La rivière à Ange est située au nord d'Angoulême, dans la région Auvergne-Rhône-Alpes.",0,0,0.0,0.0
181,"Which statement is correct regarding the reasons for the temperature differences between areas a, b, and c in the diagram?",B,"Area b is deeply influenced by the warm current, with its sea level isotherms bulging toward higher latitudes.",D,"La réponse correcte est : **Les différences de température entre les zones a, b et c sont causées par des variations géographiques, comme le relief ou la topographie.**",D,"La réponse correcte est : **Les alcènes ont des températures d'ébullition plus basses que celles des alcanes, ce qui explique les variations climatiques.**",0,0,0.05714285714285714,0.0
182,"Based on the graph, the latitude may be:",B,30°N,A,The latitude is indicated by the highest point on the graph.,A,"La latitude peut être **dans la zone méridionale**, au contact des aires linguistiques illyrienne et thrace.",0,0,0.0,0.0
183,"The numbers ①, ②, and ③ in the diagram represent the evaporation and precipitation stages of the water cycle, respectively.",C,①③,C,"Les nombres ①, ② et ③ représentent respectivement les élimination et la pénurie de l'eau dans le cycle de la mer.",D,"Les séquences plus longues correspondent à des symboles les plus rares, signifiant des évapotranspiration et précipitations.",1,0,0.0,0.0
184,This diagram illustrates,A,The integrity of the geographical environment,A,Cette diagramme illustre les variations géographiques dans la région.,A,This diagram illustrates the distribution of natural resources in a region.,1,1,0.0,0.15384615384615383
185,The tectonic landform shown in the image above is most likely...,B,Syncline,A,The tectonic landform shown in the image is most likely a mountain range.,A,"La tectonic landform shown in the image is most likely the calva dossa or calva dorsa, a marine landform formed by the rift of the Red Sea.",0,0,0.0,0.0
186,Which of the following statements about shale gas is correct?,C,It is a new energy source among mineral energy sources.,D,La réponse correcte est que le méthane gazéen shale est une source de gaz naturel dont l'usage est souvent associé à une exploitation de l'azote.,D,"La réponse correcte est : **Le pays détient les deuxièmes plus grosses réserves mondiales, bien que leur montant exact soit sujet à caution.**",0,0,0.07407407407407407,0.0
187,What is the wind direction at location ① at this time?,C,Southwest,A,La direction du vent à la location ① est donnée par la carte.,A,La direction du vent à location ① est Chinook.,0,0,0.0,0.0
188,"Compared to area ①, area ②...",D,Precipitation varies significantly with the seasons.,D,Area ② is larger than area ①.,D,"Compared to area ①, area ② is more populated and has a higher density.",1,1,0.0,0.0
189,Which of the following statements about the diagram is correct?,D,The annual variation in day length in location ③ is greater than in locations ① and ②.,A,"La réponse correcte est : **""La figure montre les données de la population en France.""**",D,"La réponse correcte est : **Elle représente une figure de croissance des espèces marines, avec l'arrière d'un hippopotame, l'avant d'un lion et la tête d'un crocodile.**",0,1,0.0,0.0
190,The latitude of location a is (　　),B,83°26'N,A,La latitude de la location a est **latitude a**.,A,"La latitude de la location a est de 23,5°.",0,0,0.0,0.0
191,"If the angle between the Earth's axis and the orbital plane increases slightly, then (　　)",D,The difference in the solar altitude at noon between locations a and b will remain unchanged.,A,"If the Earth's axis and orbital plane change slightly, the Earth's axial tilt would cause seasons to shift.",A,"La réponse est : *La masse de terre augmentera, ce qui rendra le soleil plus proche du Soleil.*",0,0,0.06896551724137931,0.0
192,Which had the least impact on the formation of this industrial area?,C,Iron ore,D,La zone avec la plus faible influence sur la formation de cet industriel.,A,La réponse est : La révolution industrielle.,0,0,0.0,0.0
193,What are the prominent advantages of industrial agglomeration in this area?,B,"Improved resource utilization, reducing consumption and emissions",D,"Les principales avantages de l'agglomération industrielle incluent l'agglomération économique, la concentration des ressources et l'innovation.",D,"Les principales avantages de l'agglomération industrielle dans cette région incluent la concentration de la population, l'agriculture, et les industries, ce qui favorise l'économie et la croissance.",0,0,0.0,0.0
194,"If the difference between the longitude and latitude in the figure is always 5, then (　　)",C,The lengths of the three meridians in the figure must be equal.,A,"La réponse est : ""La figure montre une différence de longitude et de latitude de 5 unités.""",A,La réponse est : **± 5**.,0,0,0.10526315789473685,0.0
195,"Students from a school in Chengdu took a railway trip through Baoji, Lanzhou, and Jiuquan. The zonal vegetation types along the route were (　　)",D,"Evergreen broad-leaved forest, deciduous broad-leaved forest, grassland, desert",A,The zonal vegetation types along the route were primarily temperate grasslands and subtropical forests.,A,Les zonal vegetation types en route incluent les forêts du Mésozoïque et du Cénozoïque.,0,0,0.0,0.0
196,"On November 4, 2011, construction of my country's first 10 million kilowatt wind power base began in Jiuquan. The favorable conditions for building a wind power base in this area include (　　) ① Utilization of surrounding unused land ② Proximity to the source of the winter monsoon, resulting in strong winds ③ Large population and developed economy ④ Energy shortage and high demand",A,①②,D,Réponse : ② ③ ④.,D,"La réponse est : ② Utilisation de l'air froid, ③ Population développée et industrie développée, ④ Énergie en manque et demande élevée.",0,0,0.0,0.0
197,This volcano is most likely located in:,D,West Coast of South America,D,This volcano is most likely located in the Pacific Ring of Fire.,D,"This volcano is most likely located in the central part of the country, specifically in the Tenakourou region.",1,1,0.13333333333333333,0.10526315789473682
198,The minerals that make up the rocks of this mountain come directly from...,B,Mantle,A,Les minéraux qui forment les roches du mont proviennent directement de l'élément naturel.,D,Les minéraux qui composent les roches du mont se trouvent directement à l'origine de la Terre.,0,0,0.0,0.0
199,Which statement about the letters L and S in the figure is correct? (　　),C,The degrees of L and S are equal to the maximum angle between the Earth's axis and the terminator.,D,La réponse correcte est : L et S sont des lettres qui s'alignent en forme d'œil.,A,"La réponse est : L'écriture de L et S dans le contexte est bien notoire, et elle correspond au sens de l'émerveillement « tres en latin — drei ».",0,0,0.08,0.05555555555555555
