index,question,correct_letter,correct_text,Qwen3-0.6B_baseline,Qwen3-0.6B_rag,Qwen3-0.6B_baseline_ok,Qwen3-0.6B_rag_ok,Qwen3-1.7B_baseline,Qwen3-1.7B_rag,Qwen3-1.7B_baseline_ok,Qwen3-1.7B_rag_ok,Llama-3.2-1B_baseline,Llama-3.2-1B_rag,Llama-3.2-1B_baseline_ok,Llama-3.2-1B_rag_ok,Llama-3.2-3B_baseline,Llama-3.2-3B_rag,Llama-3.2-3B_baseline_ok,Llama-3.2-3B_rag_ok
0,What impact has the new town construction had on Hong Kong?,D,It has relieved population pressure in the central area and expanded the city's land area.,D,D,1,1,A,B,0,0,D,D,1,1,D,D,1,1
1,"In recent years, developed countries have experienced a phenomenon of counter-urbanization, with urban populations migrating to suburban, rural settlements, and small towns. The reason for this is not...",C,Slow urban economic development,A,A,0,0,C,C,1,1,C,A,1,0,C,C,1,1
2,What is the most important indicator of urbanization?,C,Urban population as a percentage of the total population,C,C,1,1,C,C,1,1,A,B,0,0,C,C,1,1
3,The fundamental cause of the current deterioration of the urban ecological environment is:,B,"The expansion of urban populations and industries generates large amounts of waste, exceeding the environment's self-purification capacity.",A,D,0,0,B,B,1,1,B,A,1,0,B,B,1,1
4,Which of the following factors is not related to the rise of the Pearl River Delta urban cluster?,C,Rich mineral resources,A,A,0,0,C,C,1,1,C,C,1,1,C,A,1,0
5,The most important factor driving the continuous improvement of urbanization in the Pearl River Delta is...,B,Industrialization,A,A,0,0,D,B,0,1,C,B,0,1,A,A,0,0
6,Solving transboundary issues such as global warming and the spread of acid rain requires the principles of sustainable development.,D,Commonality,A,A,0,0,A,A,0,0,A,A,0,0,A,A,0,0
7,Why are new towns so underpopulated?,C,Underdeveloped industries,A,A,0,0,D,C,0,1,B,B,0,0,B,A,0,0
8,What are the impacts of new town construction on the water cycle?,A,Increased surface runoff,A,A,1,1,A,A,1,1,B,A,0,1,A,A,1,1
9,Hong Kong's city height is higher than Chongqing's. Which of the following reasons is more plausible?,B,Higher economic level,A,A,0,0,D,D,0,0,A,D,0,0,B,B,1,1
10,Chongqing's city height has continued to grow in recent years. The main positive impact of this growth is...,D,Saving building land,A,A,0,0,B,B,0,0,C,D,0,1,A,B,0,0
11,What is the main reason for the continuous increase in my country's total grain production?,A,Improved agricultural technology,A,A,1,1,A,A,1,1,B,A,0,1,A,A,1,1
12,How does hardened ground lead to increased river flow variability?,B,More precipitation is converted into surface runoff,A,A,0,0,B,B,1,1,B,B,1,1,B,B,1,1
13,Measures that can help alleviate urban flooding include:,A,Increasing urban green space and connecting urban rivers with external water systems.,A,A,1,1,A,A,1,1,A,B,1,0,A,A,1,1
14,Zhejiang Province's steady urbanization is primarily due to:,C,Zhejiang's steady and rapid economic development,A,A,0,0,C,C,1,1,C,C,1,1,C,C,1,1
15,"Among the following countries, urban sprawl is prevalent in which?",C,United States,D,D,0,0,C,C,1,1,A,C,0,1,C,C,1,1
16,The adverse effects of urban sprawl do not include:,B,Poor living conditions for residents,A,A,0,0,D,D,0,0,D,A,0,0,D,D,0,0
17,"Comparing housing prices in major cities across the three urban agglomerations in 2014, the Beijing-Tianjin-Hebei urban agglomeration exhibited the largest disparity. The primary reason for this phenomenon is:",C,"Beijing's economic diffusion effect is weak, and the regional development gap between Beijing-Tianjin-Hebei is significant.",C,C,1,1,C,C,1,1,C,C,1,1,C,C,1,1
18,Which type of urban land use is considered?,C,"Commercial land, transportation land, government land, residential land",D,D,0,0,C,B,1,0,A,B,0,0,C,C,1,1
19,Which statement about urban functional zones is correct?,D,There is a differentiation between low-end residential areas and mid-range and high-end residential areas.,A,A,0,0,C,C,0,0,A,A,0,0,D,A,1,0
20,What are the benefits of demolishing walls and fences and opening up gated residential communities and courtyards?,B,"Sharing public service facilities, controlling urban redundant construction, integrating community roads into the urban road network, and alleviating urban traffic congestion.",A,A,0,0,A,C,0,0,B,A,1,0,A,A,0,0
21,"If A, B, and C are all located in plains, and the population density is A < B < C, then the service scope of a commercial sector of the same level in the three regions could be ()",A,A has the largest service scope,D,D,0,0,D,D,0,0,A,C,1,0,C,C,0,0
22,Which statement about different city levels and their service functions is correct?,C,"A city's service area extends beyond the city itself, including nearby small towns and rural areas.",D,D,0,0,B,C,0,1,B,A,0,0,C,C,1,1
23,"According to my country's city classification system, Shijiazhuang is classified as...",D,Megacity,D,A,1,0,C,C,0,0,A,D,0,1,B,C,0,0
24,"As Shijiazhuang's city status rises, which statement about its service functions is correct?",C,"The higher the city's status, the larger its service scope and the more types of services.",C,C,1,1,C,C,1,1,B,C,0,1,C,A,1,0
25,What are the beneficial effects of the bridge's completion on the region's socioeconomic development?,D,Promote regional economic integration,D,D,1,1,D,D,1,1,D,C,1,0,D,D,1,1
26,Which of the following statements about high-speed rail stations being located in the suburbs is incorrect?,B,Ensures convenient high-speed rail travel,A,A,0,0,D,D,0,0,B,C,1,0,A,A,0,0
27,What geographic information technology is primarily used in the navigation enhancement application of the global mobile broadband satellite internet system?,C,GPS,C,C,1,1,C,C,1,1,C,C,1,1,C,C,1,1
28,What are the main modes of transportation for this clothing brand's products to Europe and the rest of the world?,A,Road and air,A,A,1,1,A,A,1,1,A,B,1,0,A,A,1,1
29,Shared bikes embody the concept of low-carbon travel and are consistent with the principles of sustainable development.,B,Sustainability,D,D,0,0,B,B,1,1,B,D,1,0,B,B,1,1
30,What are the possible impacts of the vigorous promotion of shared bikes in cities like Shanghai and Beijing?,D,Promoting the planning of urban non-motorized roads.,D,D,1,1,D,D,1,1,C,D,0,1,D,A,1,0
31,The preferred mode of transportation for this shipment is (),D,Air transport,A,C,0,0,B,B,0,0,A,C,0,0,B,C,0,0
32,The total number of regional contacts involved in this process is (),D,"Communications, Transportation, Commerce, and Trade",D,D,1,1,C,D,0,1,A,C,0,0,C,C,0,0
33,The dominant factor influencing the location of this general aircraft manufacturing base is (),A,Market and transportation,A,A,1,1,B,A,0,1,A,A,1,1,B,C,0,0
34,"The area where the bridge is located is often cloudy and foggy from May to October, primarily due to...",D,The influence of warm and humid air currents from the Indian Ocean,A,A,0,0,A,A,0,0,C,B,0,0,B,A,0,0
35,Which of the following statements about Yunnan Province is incorrect?,A,The decisive factor influencing the construction of the Longjiang Bridge was natural conditions.,A,A,1,1,B,B,0,0,A,C,1,0,B,B,0,0
36,"If my country imports a large amount of crude oil from Russia, which mode of transportation is best?",A,Pipeline transportation,A,A,1,1,A,A,1,1,A,A,1,1,A,A,1,1
37,my country's construction of the Shanghai-Hangzhou maglev train and Panama's widening and deepening of the Panama Canal respectively reflect the development of global transportation.,D,High-speed and large-scale,D,D,1,1,C,D,0,1,C,A,0,0,A,B,0,0
38,The main factor influencing the construction of the Wuhan-Guangzhou High-Speed ​​Railway was...,D,Technological Level,A,A,0,0,A,A,0,0,A,A,0,0,A,D,0,1
39,The significance of the Wuhan-Guangzhou High-Speed ​​Railway lies primarily in:,B,Fostering economic ties between cities,D,B,0,1,B,B,1,1,D,A,0,0,B,B,1,1
40,What was the main difficulty encountered during the construction of the Harbin-Jiamusi High-Speed ​​Railway?,A,"High altitude, lack of oxygen, and widespread permafrost.",A,A,1,1,A,A,1,1,A,A,1,1,A,L,1,0
41,The construction of the high-speed rail network around Harbin will primarily impact Harbin's...,A,Service area,A,A,1,1,A,A,1,1,C,A,0,1,B,A,0,1
42,The commercial operation of maglev trains illustrates the characteristics of modern transportation:,B,High-speed,D,A,0,0,B,A,1,0,A,A,0,0,B,B,1,1
43,This layout may lead to:,A,Rapid development of the region's convention and exhibition economy,A,A,1,1,A,D,1,0,A,A,1,1,A,D,1,0
44,The factory's products might be,A,Electronics,A,C,1,0,A,C,1,0,C,C,0,0,B,C,0,0
45,The factory's layout should primarily consider proximity to,B,Airport,A,A,0,0,D,C,0,0,A,C,0,0,A,A,0,0
46,Which of the following modern transportation methods is most adaptable to natural conditions?,B,Railways,C,D,0,0,C,C,0,0,C,A,0,0,D,A,0,0
47,Shanghai needs to import a batch of CPUs from Los Angeles. What is the best transportation method?,B,Air transport,A,B,0,1,B,B,1,1,A,C,0,0,B,B,1,1
48,The emergence of high-speed trains reflects the development of transportation.,A,High speed,D,D,0,0,D,D,0,0,A,C,1,0,A,D,1,0
49,Which of the following statements about the characteristics of railway transportation is incorrect?,A,Flexible and quick to operate,A,A,1,1,C,C,0,0,C,C,0,0,A,A,1,1
50,Which of the following factors contributes to Qingyanliu Village's success as a Taobao Village?,C,"Industrial clustering, resulting in cost savings",B,B,0,0,D,D,0,0,B,B,0,0,B,J,0,0
51,Which of the following commercial activities is most suitable for rapid development near a high-speed railway station?,B,Hotels and restaurants and local specialty retail stores,A,A,0,0,B,B,1,1,A,A,0,0,B,B,1,1
52,The above information indicates which direction of transportation development is heading.,B,High-speed,A,A,0,0,C,C,0,0,A,C,0,0,D,A,0,0
53,"Shared bikes allow users to search, reserve, rent, and return bikes without docking stations through an app. The main geographic information technologies used are:",B,"GPS, GIS",A,D,0,0,B,B,1,1,B,A,1,0,B,B,1,1
54,Promoting shared bikes in cities will benefit...,D,Alleviate urban traffic congestion,D,D,1,1,D,D,1,1,B,A,0,0,D,A,1,0
55,The main reasons why Shijiazhuang became a megacity are:,C,The construction and development of railways,A,A,0,0,C,C,1,1,A,A,0,0,C,C,1,1
56,"After the completion of the Guangdong-Hong Kong-Macao Bridge, what will happen within the Greater Bay Area?",C,Regional integration will accelerate.,C,A,1,0,C,C,1,1,C,C,1,1,C,C,1,1
57,Which combination of the main advantages of urban subway transportation is correct?,C,"High speed, reduces environmental pollution, saves energy, and facilitates travel.",D,D,0,0,C,C,1,1,A,A,0,0,B,B,0,0
58,The main problems in urban transportation development are:,A,Urban traffic congestion,A,A,1,1,A,A,1,1,A,A,1,1,A,A,1,1
59,Measures that can help alleviate urban traffic problems include:,D,Encouraging citizens to use public transportation more often,D,D,1,1,D,D,1,1,A,B,0,0,D,D,1,1
60,Which of the following descriptions of the architectural features of the ancient village is most likely from the report above?,B,Staggered buildings for improved lighting and ventilation,A,A,0,0,B,B,1,1,C,A,0,0,C,B,0,1
61,The investigation revealed that the main factors influencing the rise and fall of the ancient village of Cuandixia were...,C,Transportation,A,D,0,0,B,D,0,0,A,A,0,0,B,D,0,0
62,The main advantage of container transport is (),A,High transport efficiency,A,A,1,1,A,A,1,1,A,B,1,0,A,D,1,0
63,"Currently, many major cities in my country are actively building subways. Their main purpose is to:",D,Alleviate traffic congestion and save travel time for urban residents.,D,D,1,1,D,D,1,1,C,A,0,0,D,D,1,1
64,"After the subway is built, what indirect benefits will it bring?",C,Accelerated urbanization,A,A,0,0,B,D,0,0,A,A,0,0,B,A,0,0
65,What is the first impact of the opening of a high-speed railway on a city?,B,Service area,A,A,0,0,A,A,0,0,A,A,0,0,A,A,0,0
66,"Currently, the environmental problems caused by frequent traffic jams in my country's major cities are:",C,Photochemical smog,A,D,0,0,C,C,1,1,C,B,1,0,C,D,1,0
67,Which of the following plans will help alleviate traffic congestion in my country's major cities?,C,Further improve traffic planning and management.,C,C,1,1,C,C,1,1,C,C,1,1,C,C,1,1
68,The construction of the Wuhan-Guangzhou Passenger Dedicated Line reflects the direction in which transportation is evolving.,B,High-speed and specialized,D,D,0,0,B,B,1,1,B,A,1,0,B,B,1,1
69,The environmental problems described in the material fall into the following categories:,B,Environmental pollution,A,A,0,0,A,A,0,0,A,L,0,0,A,B,0,1
70,Other countries shipping electronic waste to the World Waste Terminal primarily violates the principles of sustainable development.,C,Fairness perspective,B,B,0,0,B,B,0,0,C,A,1,0,B,A,0,0
71,Replacing coal exports with electricity will...,B,Increase environmental pressure in exporting regions and promote economic growth in exporting regions.,A,A,0,0,A,B,0,1,B,A,1,0,B,B,1,1
72,The main purpose of encouraging residents in energy-importing regions to replace fuel-powered vehicles with electric vehicles is to:,A,Improve the atmospheric environment,A,A,1,1,A,A,1,1,A,A,1,1,A,A,1,1
73,"Currently, the main source of pollution that depletes the ozone layer is...",D,The widespread use of air conditioners and refrigerators in industrial and residential areas,A,A,0,0,C,C,0,0,A,A,0,0,B,A,0,0
74,Excessive carbon dioxide in the atmosphere can lead to...,C,Global warming,C,C,1,1,C,C,1,1,C,A,1,0,C,C,1,1
75,The correct measure to address the above global environmental problems is:,B,"Strengthen international cooperation, promote clean energy, encourage public transportation, and reduce the use of private vehicles.",B,D,1,0,B,B,1,1,A,C,0,0,B,C,1,0
76,Which statement about the environment and environmental issues is correct?,D,The main pollutants causing eutrophication of water bodies are compounds containing nitrogen and phosphorus.,D,D,1,1,D,D,1,1,B,A,0,0,B,B,0,0
77,What is the common natural condition for acid rain in these three regions?,C,High precipitation,A,D,0,0,A,C,0,1,A,A,0,0,D,C,0,1
78,"If shared delivery boxes are promoted vigorously, will...",D,Reduce deforestation and reduce delivery waste,A,A,0,0,B,B,0,0,D,C,1,0,C,J,0,0
79,"The concept of sustainable development embodied in ""lucid waters and lush mountains are invaluable assets"" is...",C,Environmental,A,C,0,1,C,C,1,1,C,C,1,1,C,C,1,1
80,The construction of the Saihanba Forest Farm aligns with which of the following philosophies?,B,"To develop all industries, environmental protection must come first.",B,A,1,0,B,C,1,0,A,A,0,0,A,B,0,1
81,The establishment of the Anji Small Salamander National Nature Reserve in Zhejiang Province highlights the importance of sustainable development.,A,Environmental perspective,A,A,1,1,A,A,1,1,A,A,1,1,A,A,1,1
82,Which of the following concepts is consistent with sustainable development?,D,"Pursuing social progress, improving people's living standards, and the all-round development of people.",D,D,1,1,D,D,1,1,C,D,0,1,D,D,1,1
83,The correct approach to coordinating the relationship between humanity and the environment is (),D,Meet current human needs without harming the living environment of future generations.,D,D,1,1,D,D,1,1,C,D,0,1,D,D,1,1
84,This activity primarily embodies the principles of sustainable development.,C,Commonality,A,A,0,0,A,A,0,0,A,A,0,0,A,A,0,0
85,What is the dilemma facing my country in pursuing sustainable development?,D,"Environmental pollution is largely under control in some areas, but the natural ecology is deteriorating, food demand is rapidly increasing, and land reserves are insufficient.",D,D,1,1,C,C,0,0,C,B,0,0,A,C,0,0
86,"In the era of low-carbon development, which emission reduction measures should China take? ()",D,Improving energy efficiency and developing new energy sources,D,D,1,1,B,B,0,0,A,B,0,0,B,D,0,1
87,Which of the following falls within the scope of social sustainable development research?,C,Developing science and technology and gradually eliminating illiteracy,A,A,0,0,C,C,1,1,C,C,1,1,D,C,0,1
88,Which of the following aligns with the sustainability principle of sustainable development?,A,The implementation of a summer fishing moratorium along my country's southeastern coast.,A,A,1,1,C,C,0,0,D,D,0,0,B,B,0,0
89,"Fundamentally, achieving green GDP growth requires...",B,transforming the economic growth model,B,B,1,1,B,B,1,1,B,A,1,0,B,B,1,1
90,What does sustainable development mean?,A,Development that meets the needs of the present without compromising the ability of future generations to meet their own needs.,A,A,1,1,A,A,1,1,A,A,1,1,A,A,1,1
91,Which of the following measures to resolve the imbalance between water supply and demand conforms to the principle of sustainability?,D,Promoting sprinkler and drip irrigation to develop water-saving agriculture,D,D,1,1,D,D,1,1,C,D,0,1,D,D,1,1
92,The foundation for building a beautiful China and achieving sustainable development of the Chinese nation is...,C,Ecological sustainable development,A,C,0,1,C,C,1,1,C,C,1,1,C,C,1,1
93,Which of the following human activities is consistent with the concept of building a beautiful China and achieving sustainable development for the Chinese nation?,A,"Returning farmland to forest and pasture, rationally utilizing land resources",A,A,1,1,A,A,1,1,A,A,1,1,A,A,1,1
94,"During the 15th Five-Year Plan period, my country focused on developing environmentally friendly technologies and implementing clean production. The goal was to:",A,Implement pollution prevention and control throughout the entire production process,A,A,1,1,A,A,1,1,A,A,1,1,A,A,1,1
95,"Compared with similar products, products with environmental labels have the following advantages:",A,"Low toxicity, less harm, and resource conservation",A,A,1,1,A,A,1,1,A,D,1,0,A,A,1,1
96,Which of the following behaviors constitutes waste resource processing? (),B,Recycling scrap steel for steelmaking and using waste-to-gas power generation,A,A,0,0,A,B,0,1,B,A,1,0,A,A,0,0
97,"To reduce waste emissions, we must implement clean production. What does this mean?",B,"Producing clean products using clean energy and clean production processes, a production method that extends pollution prevention throughout the entire production process.",B,A,1,0,B,B,1,1,C,A,0,0,B,A,1,0
98,The fundamental reason for the high price of ginseng and wolfberry wine produced in Ji'an is:,A,High health and medicinal value,A,A,1,1,A,A,1,1,A,A,1,1,B,B,0,0
99,The biggest impact of online sales on the town's dried flower production is...,A,Expanded sales market,A,A,1,1,A,A,1,1,B,A,0,1,A,A,1,1
100,"In the dried flower logistics and distribution process, which geographic information technology is used to achieve full-process tracking?",B,GIS,B,A,1,0,B,B,1,1,C,A,0,0,B,A,1,0
101,The company is most likely to choose its headquarters in the following location:,C,"Champs-Élysées, Paris",A,A,0,0,B,C,0,1,A,A,0,0,B,C,0,1
102,"Although a Chinese textile company invested in Vietnam, most of its cotton yarn is sold back to China. This indicates that...",C,my country's consumer market is large.,A,A,0,0,A,C,0,1,A,A,0,0,A,A,0,0
103,The significance of Meihekou City's development of a specialty pine nut industry in revitalizing Northeast China's old industrial base does not include...,D,Mining mineral resources,A,A,0,0,D,D,1,1,C,A,0,0,D,D,1,1
104,What is the locational orientation of my country's CTL enterprises?,B,Raw materials,A,A,0,0,D,C,0,0,B,A,1,0,A,A,0,0
105,Developing the coal-to-liquids industry can...,C,Promote the green transformation and upgrading of my country's coal industry,C,C,1,1,C,C,1,1,C,C,1,1,B,B,0,0
106,What are the main reasons why China has become the world's largest industrial robot market?,B,Large manufacturing industry,A,A,0,0,C,A,0,0,A,A,0,0,A,A,0,0
107,What is the impact of enterprises in China's eastern coastal areas gradually replacing workers with robots?,A,Alleviating labor shortages and improving labor productivity,D,D,0,0,D,D,0,0,C,D,0,0,A,A,1,1
108,The main reason TECNO focuses on the African market is Africa's abundant labor resources.,C,Huge market potential,A,A,0,0,A,C,0,1,A,A,0,0,A,A,0,0
109,The concentration of multiple companies in one area is beneficial to...,C,Product innovation,D,D,0,0,D,D,0,0,D,C,0,1,D,D,0,0
110,The main factors affecting the steel and automotive industries this time are:,A,National policy,A,D,1,0,B,B,0,0,B,D,0,0,A,B,1,0
111,"Shanghai researchers have cleverly integrated solar energy technology with seawater desalination projects, significantly reducing desalination costs. This achievement will benefit regions along the Belt and Road that are severely water-scarce but rich in solar and thermal resources. These regions are primarily...",C,Central Asia and Western Asia,A,D,0,0,D,D,0,0,B,A,0,0,C,D,1,0
112,What are the main factors driving Xinjiang furniture companies to establish furniture processing plants in Central Asia?,B,Market,A,D,0,0,B,A,1,0,B,A,1,0,A,A,0,0
113,Germany chose Shenyang to build its first Industry 4.0 demonstration line primarily because of Shenyang's advantages.,A,Strong industrial base,A,A,1,1,B,A,0,1,A,B,1,0,B,A,0,1
114,The advantageous industry that most likely attracted Zhongce Company to the park is:,D,Rubber products,A,A,0,0,B,A,0,0,A,B,0,0,D,A,1,0
115,The main purpose of the park's comprehensive assessment of incoming companies is to:,C,Strengthen cooperation among park companies to avoid excessive competition,D,D,0,0,D,D,0,0,C,B,1,0,B,I,0,0
116,Computer chip manufacturers are classified as:,C,Technology-oriented,C,A,1,0,C,C,1,1,A,C,0,1,C,C,1,1
117,"The primary reason why renowned Chinese companies such as Huawei, ZTE, and Alibaba have decided to invest in chip manufacturing plants is that China has...",A,A large consumer market,B,A,0,1,B,B,0,0,A,C,1,0,B,B,0,0
118,Replacing the currently widely used plastic bags with these shopping bags will have the following direct environmental impact:,B,Reduced white pollution,B,B,1,1,B,B,1,1,A,C,0,0,D,D,0,0
119,"Compared to the city's central commercial district, what are the advantages of the Pearl Trade City that attracted Dahongmen to settle there?",B,Low rent,A,A,0,0,B,B,1,1,C,C,0,0,A,A,0,0
120,Shenmu City's commitment to industrial development driven by coal relies on the following basic conditions:,C,Abundant coal resources,A,A,0,0,C,C,1,1,C,C,1,1,C,C,1,1
121,"In the early 21st century, the main problems associated with the development of the ""five small"" coal chemical enterprises in Shenmu City were:",B,Severe environmental pollution,A,A,0,0,B,B,1,1,C,A,0,0,B,B,1,1
122,"To build a national-level energy and chemical core zone and a high-end clean energy and chemical base, Shenmu City should...",C,Leverage technology and develop a circular economy.,A,C,0,1,C,C,1,1,B,C,0,1,B,C,0,1
123,Floating photovoltaic power station in Huainan City,C,It has increased local water resources to a certain extent.,D,D,0,0,D,D,0,0,B,D,0,0,B,B,0,0
124,What are the key areas of investment for Chinese company F in its German plant?,C,Production automation,B,A,0,0,B,B,0,0,C,C,1,1,A,C,0,1
125,"Chinese company F established a plant in Germany, with its main products produced in Russia. The main consideration was Russia's...",D,Rich mineral resources,B,A,0,0,B,D,0,1,C,A,0,0,B,A,0,0
126,"Compared to typical industrial parks, science and technology towns...",B,Organic integration of ecological culture and industry,B,A,1,0,B,B,1,1,A,A,0,0,A,B,0,1
127,The multinational corporation invested in building an edible oil production plant in China primarily because of China's...,A,Large consumer market,D,A,0,1,A,A,1,1,A,A,1,1,A,A,1,1
128,"In the 1990s, what were the main reasons that attracted T Company to invest and establish factories in my country?",C,Large population and abundant cheap labor,A,A,0,0,A,A,0,0,A,A,0,0,A,A,0,0
129,"If American companies with overseas investments and factories relocate on a large scale, what impact will this have on the United States?",A,Lower unemployment,A,A,1,1,B,B,0,0,A,B,1,0,B,A,0,1
130,What is the main factor influencing the sales price of Nongfu Spring mineral water?,C,Mineral water product shipping costs,A,A,0,0,A,D,0,0,A,A,0,0,A,A,0,0
131,"Nongfu Spring Co., Ltd. continues to search for high-quality water sources nationwide. Its main purpose is to:",C,improve product quality and enhance market competitiveness,C,A,1,0,C,C,1,1,C,A,1,0,C,D,1,0
132,"Nongfu Spring Co., Ltd. insists on not using a single drop of city tap water because city tap water...",B,Susceptible to contamination,B,B,1,1,B,B,1,1,A,A,0,0,B,B,1,1
133,The main purpose of Haier Group's acquisition of Fisher & Paykel Appliances Holdings Limited was:,C,To create a mainstream brand and become a leading force in international competition.,A,A,0,0,D,D,0,0,C,A,1,0,C,J,1,0
134,What geographic information technology is required for Box Sharing?,C,GIS and GPS,C,D,1,0,C,D,1,0,A,A,0,0,D,C,0,1
135,Heidelberg's long-term competitive advantage in the international market is primarily due to its 4 points,D,High quality,D,D,1,1,D,D,1,1,C,A,0,0,A,D,0,1
136,Mexico has advantages in attracting the two major US automakers to build new factories in the country.,A,Low land prices,B,D,0,0,B,B,0,0,D,B,0,0,B,B,0,0
137,What is the appropriate market positioning for the Changchun base's high-end models?,C,National market,D,A,0,0,B,B,0,0,C,A,1,0,B,B,0,0
138,"Compared to retaining production of mid- and low-end models, retaining production of high-end models at the Changchun base can...",C,Increase profits,A,A,0,0,C,C,1,1,C,B,1,0,B,C,0,1
139,The main purpose of this automobile company establishing production bases in Chengdu and other locations is:,B,Seize the local consumer market,A,A,0,0,A,D,0,0,B,D,1,0,A,A,0,0
140,The purpose of Huawei's overseas investment strategy is:,D,Expand international markets,D,D,1,1,D,B,1,0,D,D,1,1,D,D,1,1
141,What are the impacts of Huawei's establishment of subsidiaries in Africa on the local economy?,C,Increasing local employment opportunities,A,A,0,0,C,C,1,1,A,B,0,0,C,C,1,1
142,my country's Haier Company established a factory in the United States. Most of the employees employed are Americans. American wages are many times higher than in my country. Haier's primary purpose for hiring American employees is...,D,To localize the company's products.,D,D,1,1,A,B,0,0,C,A,0,0,A,A,0,0
143,The widespread adoption of dark factories will,A,accelerate the reindustrialization process in developed countries,A,A,1,1,A,A,1,1,A,C,1,0,A,A,1,1
144,"Wuhu has a long history of roasted nuts. Wuhu was once known internationally as the ""City of Melon Seeds."" The main reason Three Squirrels transports nuts from their production areas to Wuhu for processing is:",C,"Wuhu has a long history of roasted nuts, rich experience, and a significant agglomeration effect.",C,C,1,1,C,C,1,1,C,B,1,0,C,A,1,0
145,"What are the main measures to make the world fall in love with ""Made in China""?",A,"Improving skills, strengthening innovation, and building independent national brands.",A,A,1,1,A,A,1,1,A,A,1,1,A,A,1,1
146,"Currently, Honda has automobile assembly plants in Thailand and Indonesia, but the volume of automobiles produced is lower than in China. The main reason is that China...",D,Large market size,D,D,1,1,D,D,1,1,A,A,0,0,D,D,1,1
147,What is the main reason for the development of industrial robots in my country?,B,Labor costs are rising due to the increasing number of workers.,A,A,0,0,C,C,0,0,A,A,0,0,C,I,0,0
148,Which of the following statements about Dongguan's vigorous development of the robotics industry is correct?,D,It can effectively promote the transformation and upgrading of the local manufacturing industry.,D,D,1,1,D,D,1,1,C,D,0,1,D,D,1,1
149,What was the main reason for Adidas's closure of its Chinese factory?,A,Significantly increased labor costs,A,A,1,1,A,A,1,1,A,A,1,1,A,A,1,1
150,"A marble statue in Yunnan, my country, has become dilapidated over time. This phenomenon has the same cause as which of the following phenomena ()",A,Sweden's fishless lake,C,C,0,0,A,A,1,1,C,A,0,1,C,C,0,0
151,What type of fish processing companies are in Newfoundland?,C,Raw material-oriented,D,A,0,0,C,C,1,1,A,A,0,0,B,A,0,0
152,The main reason why crabs exported to Japan undergo secondary processing in Chinese factories is...,D,Cheap and abundant labor,A,A,0,0,D,D,1,1,A,A,0,0,D,D,1,1
153,What were the main factors that shaped the original industrial system in the Northeast?,C,"A diverse and abundant natural resource base, a well-organized regional structure, and proximity of industry to raw material and fuel sources.",C,D,1,0,C,C,1,1,C,C,1,1,C,C,1,1
154,"The Northeast is a major industrial base in my country, with a large number of unemployed people. Therefore, future efforts should focus on developing...",C,Tertiary industry,C,D,1,0,C,C,1,1,B,B,0,0,D,D,0,0
155,"In the material, which factor is most likely to influence the disparity in prices among the three mobile phones?",B,Technology,A,A,0,0,B,A,1,0,B,C,1,0,A,A,0,0
156,"According to the materials, the main reasons why Yiwu has become China's largest small commodity logistics center are:",B,"Strong production capacity, convenient transportation, and a strong business tradition.",A,A,0,0,B,B,1,1,D,A,0,0,B,B,1,1
157,"Yiwu and its surrounding areas have over 40,000 small commodity businesses. What are the reasons for this concentration of businesses?",A,"Full utilization of infrastructure, enhanced information exchange between businesses, and shared labor.",A,A,1,1,A,A,1,1,A,A,1,1,A,A,1,1
158,What are the advantages for developing cassava processing and ethanol production in Nigeria?,D,A sufficient supply of cassava raw materials,A,A,0,0,D,D,1,1,D,C,1,0,D,A,1,0
159,What are the effective measures Nigeria can take to promote the development of its cassava processing industry?,A,Introducing capital and technology,A,A,1,1,A,A,1,1,A,A,1,1,A,L,1,0
160,"In 1964, the central government abandoned Wuhan as the site for Second Automobile Works. What was the main factor?",A,National defense and security,A,D,1,0,A,A,1,1,D,A,0,1,A,C,1,0
161,"In the early days of Second Automobile Works, the local government urgently needed to provide...",C,Improve transportation conditions,A,A,0,0,C,C,1,1,C,A,1,0,A,A,0,0
162,Which of the following is the background for the US's proposal of re-industrialization?,C,"Deindustrialization has led to a large-scale relocation of manufacturing abroad, with economic growth primarily driven by financial and other service industries, and a declining share of industrial ou",D,D,0,0,D,D,0,0,A,C,0,1,D,C,0,1
163,Which of the following factors is the primary cause of the continued decline in U.S. shale oil production in early 2015?,C,Falling international oil prices,A,A,0,0,C,C,1,1,A,C,0,1,C,A,1,0
164,"Large passenger aircraft require numerous parts, and parts manufacturers are located around the world. This regional industrial connectivity is primarily due to...",A,Developments in transportation and information technology,D,D,0,0,B,B,0,0,A,C,1,0,B,B,0,0
165,The reason for the global tender for the power unit of a domestically produced large aircraft is:,C,Leveraging advanced international technology,A,A,0,0,A,A,0,0,D,A,0,0,B,B,0,0
166,"To make the world fall in love with Made in China, what should Fujian Province do for the first time?",D,Establish industry standards and build national brands.,D,D,1,1,D,D,1,1,A,A,0,0,D,A,1,0
167,What determines the cost of a mobile phone? (),B,R&D and design costs,A,A,0,0,B,B,1,1,A,A,0,0,B,A,1,0
168,my country's greatest advantage in mobile phone production lies in (),B,A huge domestic consumer market,A,A,0,0,C,C,0,0,A,A,0,0,A,A,0,0
169,What are the locational advantages of Germany's Ruhr industrial region?,C,Abundant coal resources,B,A,0,0,C,C,1,1,A,L,0,0,B,B,0,0
170,San Francisco's Silicon Valley is...,C,An industrial zone with advanced microelectronics technology,A,A,0,0,C,C,1,1,C,C,1,1,C,C,1,1
171,What was the main reason that prompted Fuyao Group to relocate its glass production to the United States?,B,High US market demand,A,A,0,0,A,C,0,0,D,B,0,1,A,A,0,0
172,"The direct reason for the development of sloping industrial land in Shuangluan District, Chengde is:",B,Limited industrial land,A,A,0,0,A,A,0,0,A,A,0,0,C,A,0,0
173,The main reason the company chose Shenzhen for its mainland China investment was:,B,Reform and opening-up policies,D,D,0,0,B,B,1,1,B,B,1,1,B,B,1,1
174,What are the main factors influencing the company's gradual shift of production base to inland my country?,A,Wages,D,A,0,1,C,B,0,0,B,C,0,0,A,A,1,1
175,The company's move to fully robotically assemble more electronics products in 2017 will have the following direct short-term impacts:,D,Massive layoffs,A,A,0,0,D,D,1,1,B,A,0,0,A,A,0,0
176,What is the main reason for the concentration of Brazilian citrus jam production in State S?,D,Convenient product transportation,A,D,0,1,B,B,0,0,B,A,0,0,A,A,0,0
177,Will Company M's international expansion...?,D,Reduce production costs,A,A,0,0,C,C,0,0,A,A,0,0,C,A,0,0
178,"In recent years, M Company has established various R&D departments in my country. Its primary purpose is to:",A,Keep abreast of market demand,B,A,0,1,B,A,0,1,A,A,1,1,B,A,0,1
179,What is the main reason Xiaomi sources its components from around the world?,B,Leveraging global location advantages to reduce production costs,A,A,0,0,B,B,1,1,B,B,1,1,B,L,1,0
180,"In Foxconn's national expansion strategy, Zhengzhou primarily produces Apple phones, Wuhan primarily produces desktop computers, optoelectronics production is located in Jincheng, Shanxi, game consoles are produced in Yantai, Shandong, mobile phones are produced in Langfang, Hebei, laptop production is concentrated in Chongqing, and Shenzhen is dedicated to Apple assembly lines, which require higher R&D and technology. This massive Foxconn operation can be described as a comprehensive, multi-fac",A,Industrial linkages are weakening.,A,A,1,1,A,A,1,1,C,B,0,0,A,A,1,1
181,"If Company K builds its spinning mill in Vietnam or Pakistan, its profits will be higher than if it builds it in the United States. The main reason is that Vietnam, Pakistan, and other countries offer higher profits than the United States.",B,Lower labor costs,A,A,0,0,B,B,1,1,A,A,0,0,B,B,1,1
182,What factors might have been the main considerations for Company K in choosing to build a spinning mill in the United States over Vietnam and Pakistan?,D,Investment environment,A,D,0,1,C,B,0,0,C,A,0,0,B,A,0,0
183,"This case study demonstrates that with the advancement of industrial technology, my country's spinning industry has significantly reduced...",D,Labor usage,A,A,0,0,C,C,0,0,A,A,0,0,A,A,0,0
184,The following is not a reason for this layout:,C,The automotive industry has a long production process with close integration between processes.,A,A,0,0,C,C,1,1,A,D,0,0,A,A,0,0
185,"Huawei has multiple overseas R&D centers in Europe, France, and other countries, and collaborates with several renowned design firms on mobile phone products. Which local advantages does it primarily leverage?",D,Technology,A,D,0,1,D,D,1,1,A,A,0,0,B,D,0,1
186,The primary reason for the factory's declining profitability since the beginning of the 21st century is:,B,Higher labor wages,A,A,0,0,B,C,1,0,C,A,0,0,C,C,0,0
187,Which industry is a Chinese company most likely investing in in West Africa?,C,Mining equipment manufacturing,D,A,0,0,D,C,0,1,D,C,0,1,B,C,0,1
188,A shoe manufacturer wants to expand overseas. Which is the best investment location?,C,Southeast Asia,A,A,0,0,C,A,1,0,E,A,0,0,C,D,1,0
189,"A large Chinese company invested in equipment manufacturing in the United States. Compared to China, which is the most unfavorable factor?",B,High labor costs,A,A,0,0,B,B,1,1,B,B,1,1,B,B,1,1
190,"Based on the importance of production factor dependence, which industry is similar to the badminton manufacturing industry?",C,Electronics assembly plant,B,A,0,0,C,C,1,1,A,A,0,0,B,A,0,0
191,Trump's primary motivation for American companies to build factories in the US is to:,D,Create more jobs,A,A,0,0,D,D,1,1,A,A,0,0,D,D,1,1
192,"If Apple's mobile phone production lines were built in the US, would...",B,Increase phone prices,A,A,0,0,A,D,0,0,A,A,0,0,B,A,1,0
193,Companies with shorter survival in Shenzhen are primarily...,D,Labor-intensive,A,A,0,0,D,A,1,0,C,A,0,0,A,B,0,0
194,"What are the main advantages of Foxconn choosing India to produce iPhones, iPads, and iPods?",D,Lower labor costs,A,A,0,0,D,D,1,1,D,B,1,0,D,L,1,0
195,The large-scale sales of iPhones produced by Foxconn in China to the United States demonstrate the relationship between China and the United States.,A,Trade ties,A,A,1,1,D,C,0,0,A,A,1,1,A,A,1,1
196,The main purpose of Chery Automobile establishing the industrial park in Brazil is to:,D,Increase product sales,A,A,0,0,A,A,0,0,A,A,0,0,A,A,0,0
197,"Chery Automobile's core parts production plants, assembly plants, and other related enterprises are clustered together in the Chery Automobile Industrial Park. The primary purpose is to:",B,Strengthen industrial production ties,A,A,0,0,A,A,0,0,A,A,0,0,A,A,0,0
198,Huawei's main reason for settling in Shenzhen is...,A,Favorable policies,D,D,0,0,A,A,1,1,A,C,1,0,A,A,1,1
199,The main reason Huawei releases multiple new models annually is:,B,Changing market demand,A,A,0,0,B,B,1,1,B,A,1,0,B,A,1,0
